--
-- PostgreSQL database dump
--

-- Dumped from database version 9.6.6
-- Dumped by pg_dump version 9.6.6

SET statement_timeout = 0;
SET lock_timeout = 0;
SET idle_in_transaction_session_timeout = 0;
SET client_encoding = 'UTF8';
SET standard_conforming_strings = on;
SET check_function_bodies = false;
SET client_min_messages = warning;
SET row_security = off;

--
-- Name: plpgsql; Type: EXTENSION; Schema: -; Owner: 
--

CREATE EXTENSION IF NOT EXISTS plpgsql WITH SCHEMA pg_catalog;


--
-- Name: EXTENSION plpgsql; Type: COMMENT; Schema: -; Owner: 
--

COMMENT ON EXTENSION plpgsql IS 'PL/pgSQL procedural language';


SET search_path = public, pg_catalog;

SET default_tablespace = '';

SET default_with_oids = false;

--
-- Name: accounts_user; Type: TABLE; Schema: public; Owner: resourceslibrescom
--

CREATE TABLE accounts_user (
    id integer NOT NULL,
    password character varying(128) NOT NULL,
    last_login timestamp with time zone,
    is_superuser boolean NOT NULL,
    username character varying(150) NOT NULL,
    first_name character varying(30) NOT NULL,
    last_name character varying(30) NOT NULL,
    email character varying(254) NOT NULL,
    is_staff boolean NOT NULL,
    is_active boolean NOT NULL,
    date_joined timestamp with time zone NOT NULL,
    slug character varying(50) NOT NULL,
    avatar character varying(100) NOT NULL
);


ALTER TABLE accounts_user OWNER TO resourceslibrescom;

--
-- Name: accounts_user_groups; Type: TABLE; Schema: public; Owner: resourceslibrescom
--

CREATE TABLE accounts_user_groups (
    id integer NOT NULL,
    user_id integer NOT NULL,
    group_id integer NOT NULL
);


ALTER TABLE accounts_user_groups OWNER TO resourceslibrescom;

--
-- Name: accounts_user_groups_id_seq; Type: SEQUENCE; Schema: public; Owner: resourceslibrescom
--

CREATE SEQUENCE accounts_user_groups_id_seq
    START WITH 1
    INCREMENT BY 1
    NO MINVALUE
    NO MAXVALUE
    CACHE 1;


ALTER TABLE accounts_user_groups_id_seq OWNER TO resourceslibrescom;

--
-- Name: accounts_user_groups_id_seq; Type: SEQUENCE OWNED BY; Schema: public; Owner: resourceslibrescom
--

ALTER SEQUENCE accounts_user_groups_id_seq OWNED BY accounts_user_groups.id;


--
-- Name: accounts_user_id_seq; Type: SEQUENCE; Schema: public; Owner: resourceslibrescom
--

CREATE SEQUENCE accounts_user_id_seq
    START WITH 1
    INCREMENT BY 1
    NO MINVALUE
    NO MAXVALUE
    CACHE 1;


ALTER TABLE accounts_user_id_seq OWNER TO resourceslibrescom;

--
-- Name: accounts_user_id_seq; Type: SEQUENCE OWNED BY; Schema: public; Owner: resourceslibrescom
--

ALTER SEQUENCE accounts_user_id_seq OWNED BY accounts_user.id;


--
-- Name: accounts_user_user_permissions; Type: TABLE; Schema: public; Owner: resourceslibrescom
--

CREATE TABLE accounts_user_user_permissions (
    id integer NOT NULL,
    user_id integer NOT NULL,
    permission_id integer NOT NULL
);


ALTER TABLE accounts_user_user_permissions OWNER TO resourceslibrescom;

--
-- Name: accounts_user_user_permissions_id_seq; Type: SEQUENCE; Schema: public; Owner: resourceslibrescom
--

CREATE SEQUENCE accounts_user_user_permissions_id_seq
    START WITH 1
    INCREMENT BY 1
    NO MINVALUE
    NO MAXVALUE
    CACHE 1;


ALTER TABLE accounts_user_user_permissions_id_seq OWNER TO resourceslibrescom;

--
-- Name: accounts_user_user_permissions_id_seq; Type: SEQUENCE OWNED BY; Schema: public; Owner: resourceslibrescom
--

ALTER SEQUENCE accounts_user_user_permissions_id_seq OWNED BY accounts_user_user_permissions.id;


--
-- Name: accounts_userkarma; Type: TABLE; Schema: public; Owner: resourceslibrescom
--

CREATE TABLE accounts_userkarma (
    id integer NOT NULL,
    positive smallint NOT NULL,
    negative smallint NOT NULL,
    user_receiver_id integer NOT NULL,
    user_vote_id integer NOT NULL,
    CONSTRAINT accounts_userkarma_negative_check CHECK ((negative >= 0)),
    CONSTRAINT accounts_userkarma_positive_check CHECK ((positive >= 0))
);


ALTER TABLE accounts_userkarma OWNER TO resourceslibrescom;

--
-- Name: accounts_userkarma_id_seq; Type: SEQUENCE; Schema: public; Owner: resourceslibrescom
--

CREATE SEQUENCE accounts_userkarma_id_seq
    START WITH 1
    INCREMENT BY 1
    NO MINVALUE
    NO MAXVALUE
    CACHE 1;


ALTER TABLE accounts_userkarma_id_seq OWNER TO resourceslibrescom;

--
-- Name: accounts_userkarma_id_seq; Type: SEQUENCE OWNED BY; Schema: public; Owner: resourceslibrescom
--

ALTER SEQUENCE accounts_userkarma_id_seq OWNED BY accounts_userkarma.id;


--
-- Name: auth_group; Type: TABLE; Schema: public; Owner: resourceslibrescom
--

CREATE TABLE auth_group (
    id integer NOT NULL,
    name character varying(80) NOT NULL
);


ALTER TABLE auth_group OWNER TO resourceslibrescom;

--
-- Name: auth_group_id_seq; Type: SEQUENCE; Schema: public; Owner: resourceslibrescom
--

CREATE SEQUENCE auth_group_id_seq
    START WITH 1
    INCREMENT BY 1
    NO MINVALUE
    NO MAXVALUE
    CACHE 1;


ALTER TABLE auth_group_id_seq OWNER TO resourceslibrescom;

--
-- Name: auth_group_id_seq; Type: SEQUENCE OWNED BY; Schema: public; Owner: resourceslibrescom
--

ALTER SEQUENCE auth_group_id_seq OWNED BY auth_group.id;


--
-- Name: auth_group_permissions; Type: TABLE; Schema: public; Owner: resourceslibrescom
--

CREATE TABLE auth_group_permissions (
    id integer NOT NULL,
    group_id integer NOT NULL,
    permission_id integer NOT NULL
);


ALTER TABLE auth_group_permissions OWNER TO resourceslibrescom;

--
-- Name: auth_group_permissions_id_seq; Type: SEQUENCE; Schema: public; Owner: resourceslibrescom
--

CREATE SEQUENCE auth_group_permissions_id_seq
    START WITH 1
    INCREMENT BY 1
    NO MINVALUE
    NO MAXVALUE
    CACHE 1;


ALTER TABLE auth_group_permissions_id_seq OWNER TO resourceslibrescom;

--
-- Name: auth_group_permissions_id_seq; Type: SEQUENCE OWNED BY; Schema: public; Owner: resourceslibrescom
--

ALTER SEQUENCE auth_group_permissions_id_seq OWNED BY auth_group_permissions.id;


--
-- Name: auth_permission; Type: TABLE; Schema: public; Owner: resourceslibrescom
--

CREATE TABLE auth_permission (
    id integer NOT NULL,
    name character varying(255) NOT NULL,
    content_type_id integer NOT NULL,
    codename character varying(100) NOT NULL
);


ALTER TABLE auth_permission OWNER TO resourceslibrescom;

--
-- Name: auth_permission_id_seq; Type: SEQUENCE; Schema: public; Owner: resourceslibrescom
--

CREATE SEQUENCE auth_permission_id_seq
    START WITH 1
    INCREMENT BY 1
    NO MINVALUE
    NO MAXVALUE
    CACHE 1;


ALTER TABLE auth_permission_id_seq OWNER TO resourceslibrescom;

--
-- Name: auth_permission_id_seq; Type: SEQUENCE OWNED BY; Schema: public; Owner: resourceslibrescom
--

ALTER SEQUENCE auth_permission_id_seq OWNED BY auth_permission.id;


--
-- Name: authentication_registeruser; Type: TABLE; Schema: public; Owner: resourceslibrescom
--

CREATE TABLE authentication_registeruser (
    id integer NOT NULL,
    username character varying(150) NOT NULL,
    email character varying(254) NOT NULL,
    password character varying(128) NOT NULL,
    token character varying(32) NOT NULL,
    date_joined timestamp with time zone NOT NULL
);


ALTER TABLE authentication_registeruser OWNER TO resourceslibrescom;

--
-- Name: authentication_registeruser_id_seq; Type: SEQUENCE; Schema: public; Owner: resourceslibrescom
--

CREATE SEQUENCE authentication_registeruser_id_seq
    START WITH 1
    INCREMENT BY 1
    NO MINVALUE
    NO MAXVALUE
    CACHE 1;


ALTER TABLE authentication_registeruser_id_seq OWNER TO resourceslibrescom;

--
-- Name: authentication_registeruser_id_seq; Type: SEQUENCE OWNED BY; Schema: public; Owner: resourceslibrescom
--

ALTER SEQUENCE authentication_registeruser_id_seq OWNED BY authentication_registeruser.id;


--
-- Name: authentication_useremailupdate; Type: TABLE; Schema: public; Owner: resourceslibrescom
--

CREATE TABLE authentication_useremailupdate (
    user_id integer NOT NULL,
    new_email character varying(254) NOT NULL,
    token character varying(30) NOT NULL,
    create_at timestamp with time zone NOT NULL
);


ALTER TABLE authentication_useremailupdate OWNER TO resourceslibrescom;

--
-- Name: contact_contactmessage; Type: TABLE; Schema: public; Owner: resourceslibrescom
--

CREATE TABLE contact_contactmessage (
    id integer NOT NULL,
    subject character varying(255) NOT NULL,
    message text NOT NULL,
    username character varying(100) NOT NULL,
    email character varying(254) NOT NULL,
    read boolean NOT NULL,
    is_register boolean NOT NULL,
    create_at timestamp with time zone NOT NULL
);


ALTER TABLE contact_contactmessage OWNER TO resourceslibrescom;

--
-- Name: contact_contactmessage_id_seq; Type: SEQUENCE; Schema: public; Owner: resourceslibrescom
--

CREATE SEQUENCE contact_contactmessage_id_seq
    START WITH 1
    INCREMENT BY 1
    NO MINVALUE
    NO MAXVALUE
    CACHE 1;


ALTER TABLE contact_contactmessage_id_seq OWNER TO resourceslibrescom;

--
-- Name: contact_contactmessage_id_seq; Type: SEQUENCE OWNED BY; Schema: public; Owner: resourceslibrescom
--

ALTER SEQUENCE contact_contactmessage_id_seq OWNED BY contact_contactmessage.id;


--
-- Name: django_admin_log; Type: TABLE; Schema: public; Owner: resourceslibrescom
--

CREATE TABLE django_admin_log (
    id integer NOT NULL,
    action_time timestamp with time zone NOT NULL,
    object_id text,
    object_repr character varying(200) NOT NULL,
    action_flag smallint NOT NULL,
    change_message text NOT NULL,
    content_type_id integer,
    user_id integer NOT NULL,
    CONSTRAINT django_admin_log_action_flag_check CHECK ((action_flag >= 0))
);


ALTER TABLE django_admin_log OWNER TO resourceslibrescom;

--
-- Name: django_admin_log_id_seq; Type: SEQUENCE; Schema: public; Owner: resourceslibrescom
--

CREATE SEQUENCE django_admin_log_id_seq
    START WITH 1
    INCREMENT BY 1
    NO MINVALUE
    NO MAXVALUE
    CACHE 1;


ALTER TABLE django_admin_log_id_seq OWNER TO resourceslibrescom;

--
-- Name: django_admin_log_id_seq; Type: SEQUENCE OWNED BY; Schema: public; Owner: resourceslibrescom
--

ALTER SEQUENCE django_admin_log_id_seq OWNED BY django_admin_log.id;


--
-- Name: django_content_type; Type: TABLE; Schema: public; Owner: resourceslibrescom
--

CREATE TABLE django_content_type (
    id integer NOT NULL,
    app_label character varying(100) NOT NULL,
    model character varying(100) NOT NULL
);


ALTER TABLE django_content_type OWNER TO resourceslibrescom;

--
-- Name: django_content_type_id_seq; Type: SEQUENCE; Schema: public; Owner: resourceslibrescom
--

CREATE SEQUENCE django_content_type_id_seq
    START WITH 1
    INCREMENT BY 1
    NO MINVALUE
    NO MAXVALUE
    CACHE 1;


ALTER TABLE django_content_type_id_seq OWNER TO resourceslibrescom;

--
-- Name: django_content_type_id_seq; Type: SEQUENCE OWNED BY; Schema: public; Owner: resourceslibrescom
--

ALTER SEQUENCE django_content_type_id_seq OWNED BY django_content_type.id;


--
-- Name: django_migrations; Type: TABLE; Schema: public; Owner: resourceslibrescom
--

CREATE TABLE django_migrations (
    id integer NOT NULL,
    app character varying(255) NOT NULL,
    name character varying(255) NOT NULL,
    applied timestamp with time zone NOT NULL
);


ALTER TABLE django_migrations OWNER TO resourceslibrescom;

--
-- Name: django_migrations_id_seq; Type: SEQUENCE; Schema: public; Owner: resourceslibrescom
--

CREATE SEQUENCE django_migrations_id_seq
    START WITH 1
    INCREMENT BY 1
    NO MINVALUE
    NO MAXVALUE
    CACHE 1;


ALTER TABLE django_migrations_id_seq OWNER TO resourceslibrescom;

--
-- Name: django_migrations_id_seq; Type: SEQUENCE OWNED BY; Schema: public; Owner: resourceslibrescom
--

ALTER SEQUENCE django_migrations_id_seq OWNED BY django_migrations.id;


--
-- Name: django_session; Type: TABLE; Schema: public; Owner: resourceslibrescom
--

CREATE TABLE django_session (
    session_key character varying(40) NOT NULL,
    session_data text NOT NULL,
    expire_date timestamp with time zone NOT NULL
);


ALTER TABLE django_session OWNER TO resourceslibrescom;

--
-- Name: django_site; Type: TABLE; Schema: public; Owner: resourceslibrescom
--

CREATE TABLE django_site (
    id integer NOT NULL,
    domain character varying(100) NOT NULL,
    name character varying(50) NOT NULL
);


ALTER TABLE django_site OWNER TO resourceslibrescom;

--
-- Name: django_site_id_seq; Type: SEQUENCE; Schema: public; Owner: resourceslibrescom
--

CREATE SEQUENCE django_site_id_seq
    START WITH 1
    INCREMENT BY 1
    NO MINVALUE
    NO MAXVALUE
    CACHE 1;


ALTER TABLE django_site_id_seq OWNER TO resourceslibrescom;

--
-- Name: django_site_id_seq; Type: SEQUENCE OWNED BY; Schema: public; Owner: resourceslibrescom
--

ALTER SEQUENCE django_site_id_seq OWNED BY django_site.id;


--
-- Name: favorites_favorite; Type: TABLE; Schema: public; Owner: resourceslibrescom
--

CREATE TABLE favorites_favorite (
    user_id integer NOT NULL
);


ALTER TABLE favorites_favorite OWNER TO resourceslibrescom;

--
-- Name: favorites_favorite_resources; Type: TABLE; Schema: public; Owner: resourceslibrescom
--

CREATE TABLE favorites_favorite_resources (
    id integer NOT NULL,
    favorite_id integer NOT NULL,
    resource_id integer NOT NULL
);


ALTER TABLE favorites_favorite_resources OWNER TO resourceslibrescom;

--
-- Name: favorites_favorite_resources_id_seq; Type: SEQUENCE; Schema: public; Owner: resourceslibrescom
--

CREATE SEQUENCE favorites_favorite_resources_id_seq
    START WITH 1
    INCREMENT BY 1
    NO MINVALUE
    NO MAXVALUE
    CACHE 1;


ALTER TABLE favorites_favorite_resources_id_seq OWNER TO resourceslibrescom;

--
-- Name: favorites_favorite_resources_id_seq; Type: SEQUENCE OWNED BY; Schema: public; Owner: resourceslibrescom
--

ALTER SEQUENCE favorites_favorite_resources_id_seq OWNED BY favorites_favorite_resources.id;


--
-- Name: read_readuserresources; Type: TABLE; Schema: public; Owner: resourceslibrescom
--

CREATE TABLE read_readuserresources (
    user_id integer NOT NULL
);


ALTER TABLE read_readuserresources OWNER TO resourceslibrescom;

--
-- Name: read_readuserresources_resources; Type: TABLE; Schema: public; Owner: resourceslibrescom
--

CREATE TABLE read_readuserresources_resources (
    id integer NOT NULL,
    readuserresources_id integer NOT NULL,
    resource_id integer NOT NULL
);


ALTER TABLE read_readuserresources_resources OWNER TO resourceslibrescom;

--
-- Name: read_readuserresources_resources_id_seq; Type: SEQUENCE; Schema: public; Owner: resourceslibrescom
--

CREATE SEQUENCE read_readuserresources_resources_id_seq
    START WITH 1
    INCREMENT BY 1
    NO MINVALUE
    NO MAXVALUE
    CACHE 1;


ALTER TABLE read_readuserresources_resources_id_seq OWNER TO resourceslibrescom;

--
-- Name: read_readuserresources_resources_id_seq; Type: SEQUENCE OWNED BY; Schema: public; Owner: resourceslibrescom
--

ALTER SEQUENCE read_readuserresources_resources_id_seq OWNED BY read_readuserresources_resources.id;


--
-- Name: resources_category; Type: TABLE; Schema: public; Owner: resourceslibrescom
--

CREATE TABLE resources_category (
    id integer NOT NULL,
    title character varying(255) NOT NULL,
    slug character varying(255) NOT NULL,
    image character varying(100) NOT NULL
);


ALTER TABLE resources_category OWNER TO resourceslibrescom;

--
-- Name: resources_category_id_seq; Type: SEQUENCE; Schema: public; Owner: resourceslibrescom
--

CREATE SEQUENCE resources_category_id_seq
    START WITH 1
    INCREMENT BY 1
    NO MINVALUE
    NO MAXVALUE
    CACHE 1;


ALTER TABLE resources_category_id_seq OWNER TO resourceslibrescom;

--
-- Name: resources_category_id_seq; Type: SEQUENCE OWNED BY; Schema: public; Owner: resourceslibrescom
--

ALTER SEQUENCE resources_category_id_seq OWNED BY resources_category.id;


--
-- Name: resources_language; Type: TABLE; Schema: public; Owner: resourceslibrescom
--

CREATE TABLE resources_language (
    id integer NOT NULL,
    title character varying(255) NOT NULL,
    slug character varying(255) NOT NULL,
    code character varying(10) NOT NULL,
    flag character varying(100) NOT NULL
);


ALTER TABLE resources_language OWNER TO resourceslibrescom;

--
-- Name: resources_language_id_seq; Type: SEQUENCE; Schema: public; Owner: resourceslibrescom
--

CREATE SEQUENCE resources_language_id_seq
    START WITH 1
    INCREMENT BY 1
    NO MINVALUE
    NO MAXVALUE
    CACHE 1;


ALTER TABLE resources_language_id_seq OWNER TO resourceslibrescom;

--
-- Name: resources_language_id_seq; Type: SEQUENCE OWNED BY; Schema: public; Owner: resourceslibrescom
--

ALTER SEQUENCE resources_language_id_seq OWNED BY resources_language.id;


--
-- Name: resources_quickresource; Type: TABLE; Schema: public; Owner: resourceslibrescom
--

CREATE TABLE resources_quickresource (
    id integer NOT NULL,
    title character varying(255) NOT NULL,
    slug character varying(255) NOT NULL,
    link character varying(200) NOT NULL,
    message text NOT NULL,
    create_at timestamp with time zone NOT NULL,
    owner_id integer NOT NULL
);


ALTER TABLE resources_quickresource OWNER TO resourceslibrescom;

--
-- Name: resources_quickresource_id_seq; Type: SEQUENCE; Schema: public; Owner: resourceslibrescom
--

CREATE SEQUENCE resources_quickresource_id_seq
    START WITH 1
    INCREMENT BY 1
    NO MINVALUE
    NO MAXVALUE
    CACHE 1;


ALTER TABLE resources_quickresource_id_seq OWNER TO resourceslibrescom;

--
-- Name: resources_quickresource_id_seq; Type: SEQUENCE OWNED BY; Schema: public; Owner: resourceslibrescom
--

ALTER SEQUENCE resources_quickresource_id_seq OWNED BY resources_quickresource.id;


--
-- Name: resources_ratio; Type: TABLE; Schema: public; Owner: resourceslibrescom
--

CREATE TABLE resources_ratio (
    id integer NOT NULL,
    score smallint NOT NULL,
    resource_id integer NOT NULL,
    user_id integer NOT NULL,
    CONSTRAINT resources_ratio_score_check CHECK ((score >= 0))
);


ALTER TABLE resources_ratio OWNER TO resourceslibrescom;

--
-- Name: resources_ratio_id_seq; Type: SEQUENCE; Schema: public; Owner: resourceslibrescom
--

CREATE SEQUENCE resources_ratio_id_seq
    START WITH 1
    INCREMENT BY 1
    NO MINVALUE
    NO MAXVALUE
    CACHE 1;


ALTER TABLE resources_ratio_id_seq OWNER TO resourceslibrescom;

--
-- Name: resources_ratio_id_seq; Type: SEQUENCE OWNED BY; Schema: public; Owner: resourceslibrescom
--

ALTER SEQUENCE resources_ratio_id_seq OWNED BY resources_ratio.id;


--
-- Name: resources_resource; Type: TABLE; Schema: public; Owner: resourceslibrescom
--

CREATE TABLE resources_resource (
    id integer NOT NULL,
    title character varying(255) NOT NULL,
    slug character varying(255) NOT NULL,
    link character varying(200) NOT NULL,
    image character varying(100) NOT NULL,
    description text NOT NULL,
    views integer NOT NULL,
    clicks integer NOT NULL,
    marked_broken integer NOT NULL,
    marked_spam integer NOT NULL,
    active boolean NOT NULL,
    create_at timestamp with time zone NOT NULL,
    update_at timestamp with time zone NOT NULL,
    main_tag_id integer,
    owner_id integer NOT NULL,
    resource_format_id integer NOT NULL,
    require_register boolean NOT NULL,
    CONSTRAINT resources_resource_marked_broken_check CHECK ((marked_broken >= 0)),
    CONSTRAINT resources_resource_marked_spam_check CHECK ((marked_spam >= 0))
);


ALTER TABLE resources_resource OWNER TO resourceslibrescom;

--
-- Name: resources_resource_categories; Type: TABLE; Schema: public; Owner: resourceslibrescom
--

CREATE TABLE resources_resource_categories (
    id integer NOT NULL,
    resource_id integer NOT NULL,
    category_id integer NOT NULL
);


ALTER TABLE resources_resource_categories OWNER TO resourceslibrescom;

--
-- Name: resources_resource_categories_id_seq; Type: SEQUENCE; Schema: public; Owner: resourceslibrescom
--

CREATE SEQUENCE resources_resource_categories_id_seq
    START WITH 1
    INCREMENT BY 1
    NO MINVALUE
    NO MAXVALUE
    CACHE 1;


ALTER TABLE resources_resource_categories_id_seq OWNER TO resourceslibrescom;

--
-- Name: resources_resource_categories_id_seq; Type: SEQUENCE OWNED BY; Schema: public; Owner: resourceslibrescom
--

ALTER SEQUENCE resources_resource_categories_id_seq OWNED BY resources_resource_categories.id;


--
-- Name: resources_resource_id_seq; Type: SEQUENCE; Schema: public; Owner: resourceslibrescom
--

CREATE SEQUENCE resources_resource_id_seq
    START WITH 1
    INCREMENT BY 1
    NO MINVALUE
    NO MAXVALUE
    CACHE 1;


ALTER TABLE resources_resource_id_seq OWNER TO resourceslibrescom;

--
-- Name: resources_resource_id_seq; Type: SEQUENCE OWNED BY; Schema: public; Owner: resourceslibrescom
--

ALTER SEQUENCE resources_resource_id_seq OWNED BY resources_resource.id;


--
-- Name: resources_resource_languages; Type: TABLE; Schema: public; Owner: resourceslibrescom
--

CREATE TABLE resources_resource_languages (
    id integer NOT NULL,
    resource_id integer NOT NULL,
    language_id integer NOT NULL
);


ALTER TABLE resources_resource_languages OWNER TO resourceslibrescom;

--
-- Name: resources_resource_languages_id_seq; Type: SEQUENCE; Schema: public; Owner: resourceslibrescom
--

CREATE SEQUENCE resources_resource_languages_id_seq
    START WITH 1
    INCREMENT BY 1
    NO MINVALUE
    NO MAXVALUE
    CACHE 1;


ALTER TABLE resources_resource_languages_id_seq OWNER TO resourceslibrescom;

--
-- Name: resources_resource_languages_id_seq; Type: SEQUENCE OWNED BY; Schema: public; Owner: resourceslibrescom
--

ALTER SEQUENCE resources_resource_languages_id_seq OWNED BY resources_resource_languages.id;


--
-- Name: resources_resource_tags; Type: TABLE; Schema: public; Owner: resourceslibrescom
--

CREATE TABLE resources_resource_tags (
    id integer NOT NULL,
    resource_id integer NOT NULL,
    tag_id integer NOT NULL
);


ALTER TABLE resources_resource_tags OWNER TO resourceslibrescom;

--
-- Name: resources_resource_tags_id_seq; Type: SEQUENCE; Schema: public; Owner: resourceslibrescom
--

CREATE SEQUENCE resources_resource_tags_id_seq
    START WITH 1
    INCREMENT BY 1
    NO MINVALUE
    NO MAXVALUE
    CACHE 1;


ALTER TABLE resources_resource_tags_id_seq OWNER TO resourceslibrescom;

--
-- Name: resources_resource_tags_id_seq; Type: SEQUENCE OWNED BY; Schema: public; Owner: resourceslibrescom
--

ALTER SEQUENCE resources_resource_tags_id_seq OWNED BY resources_resource_tags.id;


--
-- Name: resources_resourceformat; Type: TABLE; Schema: public; Owner: resourceslibrescom
--

CREATE TABLE resources_resourceformat (
    id integer NOT NULL,
    title character varying(100) NOT NULL,
    image character varying(100) NOT NULL
);


ALTER TABLE resources_resourceformat OWNER TO resourceslibrescom;

--
-- Name: resources_resourceformat_id_seq; Type: SEQUENCE; Schema: public; Owner: resourceslibrescom
--

CREATE SEQUENCE resources_resourceformat_id_seq
    START WITH 1
    INCREMENT BY 1
    NO MINVALUE
    NO MAXVALUE
    CACHE 1;


ALTER TABLE resources_resourceformat_id_seq OWNER TO resourceslibrescom;

--
-- Name: resources_resourceformat_id_seq; Type: SEQUENCE OWNED BY; Schema: public; Owner: resourceslibrescom
--

ALTER SEQUENCE resources_resourceformat_id_seq OWNED BY resources_resourceformat.id;


--
-- Name: resources_tag; Type: TABLE; Schema: public; Owner: resourceslibrescom
--

CREATE TABLE resources_tag (
    id integer NOT NULL,
    title character varying(255) NOT NULL,
    slug character varying(255) NOT NULL,
    image character varying(100) NOT NULL
);


ALTER TABLE resources_tag OWNER TO resourceslibrescom;

--
-- Name: resources_tag_id_seq; Type: SEQUENCE; Schema: public; Owner: resourceslibrescom
--

CREATE SEQUENCE resources_tag_id_seq
    START WITH 1
    INCREMENT BY 1
    NO MINVALUE
    NO MAXVALUE
    CACHE 1;


ALTER TABLE resources_tag_id_seq OWNER TO resourceslibrescom;

--
-- Name: resources_tag_id_seq; Type: SEQUENCE OWNED BY; Schema: public; Owner: resourceslibrescom
--

ALTER SEQUENCE resources_tag_id_seq OWNED BY resources_tag.id;


--
-- Name: accounts_user id; Type: DEFAULT; Schema: public; Owner: resourceslibrescom
--

ALTER TABLE ONLY accounts_user ALTER COLUMN id SET DEFAULT nextval('accounts_user_id_seq'::regclass);


--
-- Name: accounts_user_groups id; Type: DEFAULT; Schema: public; Owner: resourceslibrescom
--

ALTER TABLE ONLY accounts_user_groups ALTER COLUMN id SET DEFAULT nextval('accounts_user_groups_id_seq'::regclass);


--
-- Name: accounts_user_user_permissions id; Type: DEFAULT; Schema: public; Owner: resourceslibrescom
--

ALTER TABLE ONLY accounts_user_user_permissions ALTER COLUMN id SET DEFAULT nextval('accounts_user_user_permissions_id_seq'::regclass);


--
-- Name: accounts_userkarma id; Type: DEFAULT; Schema: public; Owner: resourceslibrescom
--

ALTER TABLE ONLY accounts_userkarma ALTER COLUMN id SET DEFAULT nextval('accounts_userkarma_id_seq'::regclass);


--
-- Name: auth_group id; Type: DEFAULT; Schema: public; Owner: resourceslibrescom
--

ALTER TABLE ONLY auth_group ALTER COLUMN id SET DEFAULT nextval('auth_group_id_seq'::regclass);


--
-- Name: auth_group_permissions id; Type: DEFAULT; Schema: public; Owner: resourceslibrescom
--

ALTER TABLE ONLY auth_group_permissions ALTER COLUMN id SET DEFAULT nextval('auth_group_permissions_id_seq'::regclass);


--
-- Name: auth_permission id; Type: DEFAULT; Schema: public; Owner: resourceslibrescom
--

ALTER TABLE ONLY auth_permission ALTER COLUMN id SET DEFAULT nextval('auth_permission_id_seq'::regclass);


--
-- Name: authentication_registeruser id; Type: DEFAULT; Schema: public; Owner: resourceslibrescom
--

ALTER TABLE ONLY authentication_registeruser ALTER COLUMN id SET DEFAULT nextval('authentication_registeruser_id_seq'::regclass);


--
-- Name: contact_contactmessage id; Type: DEFAULT; Schema: public; Owner: resourceslibrescom
--

ALTER TABLE ONLY contact_contactmessage ALTER COLUMN id SET DEFAULT nextval('contact_contactmessage_id_seq'::regclass);


--
-- Name: django_admin_log id; Type: DEFAULT; Schema: public; Owner: resourceslibrescom
--

ALTER TABLE ONLY django_admin_log ALTER COLUMN id SET DEFAULT nextval('django_admin_log_id_seq'::regclass);


--
-- Name: django_content_type id; Type: DEFAULT; Schema: public; Owner: resourceslibrescom
--

ALTER TABLE ONLY django_content_type ALTER COLUMN id SET DEFAULT nextval('django_content_type_id_seq'::regclass);


--
-- Name: django_migrations id; Type: DEFAULT; Schema: public; Owner: resourceslibrescom
--

ALTER TABLE ONLY django_migrations ALTER COLUMN id SET DEFAULT nextval('django_migrations_id_seq'::regclass);


--
-- Name: django_site id; Type: DEFAULT; Schema: public; Owner: resourceslibrescom
--

ALTER TABLE ONLY django_site ALTER COLUMN id SET DEFAULT nextval('django_site_id_seq'::regclass);


--
-- Name: favorites_favorite_resources id; Type: DEFAULT; Schema: public; Owner: resourceslibrescom
--

ALTER TABLE ONLY favorites_favorite_resources ALTER COLUMN id SET DEFAULT nextval('favorites_favorite_resources_id_seq'::regclass);


--
-- Name: read_readuserresources_resources id; Type: DEFAULT; Schema: public; Owner: resourceslibrescom
--

ALTER TABLE ONLY read_readuserresources_resources ALTER COLUMN id SET DEFAULT nextval('read_readuserresources_resources_id_seq'::regclass);


--
-- Name: resources_category id; Type: DEFAULT; Schema: public; Owner: resourceslibrescom
--

ALTER TABLE ONLY resources_category ALTER COLUMN id SET DEFAULT nextval('resources_category_id_seq'::regclass);


--
-- Name: resources_language id; Type: DEFAULT; Schema: public; Owner: resourceslibrescom
--

ALTER TABLE ONLY resources_language ALTER COLUMN id SET DEFAULT nextval('resources_language_id_seq'::regclass);


--
-- Name: resources_quickresource id; Type: DEFAULT; Schema: public; Owner: resourceslibrescom
--

ALTER TABLE ONLY resources_quickresource ALTER COLUMN id SET DEFAULT nextval('resources_quickresource_id_seq'::regclass);


--
-- Name: resources_ratio id; Type: DEFAULT; Schema: public; Owner: resourceslibrescom
--

ALTER TABLE ONLY resources_ratio ALTER COLUMN id SET DEFAULT nextval('resources_ratio_id_seq'::regclass);


--
-- Name: resources_resource id; Type: DEFAULT; Schema: public; Owner: resourceslibrescom
--

ALTER TABLE ONLY resources_resource ALTER COLUMN id SET DEFAULT nextval('resources_resource_id_seq'::regclass);


--
-- Name: resources_resource_categories id; Type: DEFAULT; Schema: public; Owner: resourceslibrescom
--

ALTER TABLE ONLY resources_resource_categories ALTER COLUMN id SET DEFAULT nextval('resources_resource_categories_id_seq'::regclass);


--
-- Name: resources_resource_languages id; Type: DEFAULT; Schema: public; Owner: resourceslibrescom
--

ALTER TABLE ONLY resources_resource_languages ALTER COLUMN id SET DEFAULT nextval('resources_resource_languages_id_seq'::regclass);


--
-- Name: resources_resource_tags id; Type: DEFAULT; Schema: public; Owner: resourceslibrescom
--

ALTER TABLE ONLY resources_resource_tags ALTER COLUMN id SET DEFAULT nextval('resources_resource_tags_id_seq'::regclass);


--
-- Name: resources_resourceformat id; Type: DEFAULT; Schema: public; Owner: resourceslibrescom
--

ALTER TABLE ONLY resources_resourceformat ALTER COLUMN id SET DEFAULT nextval('resources_resourceformat_id_seq'::regclass);


--
-- Name: resources_tag id; Type: DEFAULT; Schema: public; Owner: resourceslibrescom
--

ALTER TABLE ONLY resources_tag ALTER COLUMN id SET DEFAULT nextval('resources_tag_id_seq'::regclass);


--
-- Data for Name: accounts_user; Type: TABLE DATA; Schema: public; Owner: resourceslibrescom
--

COPY accounts_user (id, password, last_login, is_superuser, username, first_name, last_name, email, is_staff, is_active, date_joined, slug, avatar) FROM stdin;
1	pbkdf2_sha256$36000$T9cThjSXZDvx$672mPg/WW194eeu9+1wpw0DJmTBcv1iovjKysdgafUE=	2018-01-18 23:14:19.789344+01	t	snicoper			snicoper@resourceslibres.com	t	t	2017-02-28 19:37:49.88373+01	snicoper	
2	pbkdf2_sha256$36000$tWB3g4YlYJi5$8WgW4sGCx00+IA1mtcv7hSEDRgYuzMi1xuRG3w5E2wI=	2017-09-18 21:08:25.916182+02	f	unifoo			raymondrc3@gmail.com	f	t	2017-09-18 21:08:10.04865+02	unifoo	
\.


--
-- Data for Name: accounts_user_groups; Type: TABLE DATA; Schema: public; Owner: resourceslibrescom
--

COPY accounts_user_groups (id, user_id, group_id) FROM stdin;
\.


--
-- Name: accounts_user_groups_id_seq; Type: SEQUENCE SET; Schema: public; Owner: resourceslibrescom
--

SELECT pg_catalog.setval('accounts_user_groups_id_seq', 1, false);


--
-- Name: accounts_user_id_seq; Type: SEQUENCE SET; Schema: public; Owner: resourceslibrescom
--

SELECT pg_catalog.setval('accounts_user_id_seq', 2, true);


--
-- Data for Name: accounts_user_user_permissions; Type: TABLE DATA; Schema: public; Owner: resourceslibrescom
--

COPY accounts_user_user_permissions (id, user_id, permission_id) FROM stdin;
\.


--
-- Name: accounts_user_user_permissions_id_seq; Type: SEQUENCE SET; Schema: public; Owner: resourceslibrescom
--

SELECT pg_catalog.setval('accounts_user_user_permissions_id_seq', 1, false);


--
-- Data for Name: accounts_userkarma; Type: TABLE DATA; Schema: public; Owner: resourceslibrescom
--

COPY accounts_userkarma (id, positive, negative, user_receiver_id, user_vote_id) FROM stdin;
1	1	0	2	1
\.


--
-- Name: accounts_userkarma_id_seq; Type: SEQUENCE SET; Schema: public; Owner: resourceslibrescom
--

SELECT pg_catalog.setval('accounts_userkarma_id_seq', 1, true);


--
-- Data for Name: auth_group; Type: TABLE DATA; Schema: public; Owner: resourceslibrescom
--

COPY auth_group (id, name) FROM stdin;
\.


--
-- Name: auth_group_id_seq; Type: SEQUENCE SET; Schema: public; Owner: resourceslibrescom
--

SELECT pg_catalog.setval('auth_group_id_seq', 1, false);


--
-- Data for Name: auth_group_permissions; Type: TABLE DATA; Schema: public; Owner: resourceslibrescom
--

COPY auth_group_permissions (id, group_id, permission_id) FROM stdin;
\.


--
-- Name: auth_group_permissions_id_seq; Type: SEQUENCE SET; Schema: public; Owner: resourceslibrescom
--

SELECT pg_catalog.setval('auth_group_permissions_id_seq', 1, false);


--
-- Data for Name: auth_permission; Type: TABLE DATA; Schema: public; Owner: resourceslibrescom
--

COPY auth_permission (id, name, content_type_id, codename) FROM stdin;
1	Can add log entry	1	add_logentry
2	Can change log entry	1	change_logentry
3	Can delete log entry	1	delete_logentry
4	Can add permission	2	add_permission
5	Can change permission	2	change_permission
6	Can delete permission	2	delete_permission
7	Can add group	3	add_group
8	Can change group	3	change_group
9	Can delete group	3	delete_group
10	Can add content type	4	add_contenttype
11	Can change content type	4	change_contenttype
12	Can delete content type	4	delete_contenttype
13	Can add session	5	add_session
14	Can change session	5	change_session
15	Can delete session	5	delete_session
16	Can add site	6	add_site
17	Can change site	6	change_site
18	Can delete site	6	delete_site
19	Can add Karma usuario	7	add_userkarma
20	Can change Karma usuario	7	change_userkarma
21	Can delete Karma usuario	7	delete_userkarma
22	Can add Usuario	8	add_user
23	Can change Usuario	8	change_user
24	Can delete Usuario	8	delete_user
25	Can add Actualizar email	9	add_useremailupdate
26	Can change Actualizar email	9	change_useremailupdate
27	Can delete Actualizar email	9	delete_useremailupdate
28	Can add Registro usuario temporal	10	add_registeruser
29	Can change Registro usuario temporal	10	change_registeruser
30	Can delete Registro usuario temporal	10	delete_registeruser
31	Can add Mensaje contacto	11	add_contactmessage
32	Can change Mensaje contacto	11	change_contactmessage
33	Can delete Mensaje contacto	11	delete_contactmessage
34	Puede ver mensaje contacto	11	can_view_messages
35	Can add Favorito	12	add_favorite
36	Can change Favorito	12	change_favorite
37	Can delete Favorito	12	delete_favorite
38	Can add Usuario recursos leído	13	add_readuserresources
39	Can change Usuario recursos leído	13	change_readuserresources
40	Can delete Usuario recursos leído	13	delete_readuserresources
41	Can add Recurso rápido	14	add_quickresource
42	Can change Recurso rápido	14	change_quickresource
43	Can delete Recurso rápido	14	delete_quickresource
44	Can add Recurso	15	add_resource
45	Can change Recurso	15	change_resource
46	Can delete Recurso	15	delete_resource
47	Can add Ratio	16	add_ratio
48	Can change Ratio	16	change_ratio
49	Can delete Ratio	16	delete_ratio
50	Can add Etiqueta	17	add_tag
51	Can change Etiqueta	17	change_tag
52	Can delete Etiqueta	17	delete_tag
53	Can add Idioma	18	add_language
54	Can change Idioma	18	change_language
55	Can delete Idioma	18	delete_language
56	Can add Categoría	19	add_category
57	Can change Categoría	19	change_category
58	Can delete Categoría	19	delete_category
59	Can add Formato	20	add_resourceformat
60	Can change Formato	20	change_resourceformat
61	Can delete Formato	20	delete_resourceformat
\.


--
-- Name: auth_permission_id_seq; Type: SEQUENCE SET; Schema: public; Owner: resourceslibrescom
--

SELECT pg_catalog.setval('auth_permission_id_seq', 61, true);


--
-- Data for Name: authentication_registeruser; Type: TABLE DATA; Schema: public; Owner: resourceslibrescom
--

COPY authentication_registeruser (id, username, email, password, token, date_joined) FROM stdin;
\.


--
-- Name: authentication_registeruser_id_seq; Type: SEQUENCE SET; Schema: public; Owner: resourceslibrescom
--

SELECT pg_catalog.setval('authentication_registeruser_id_seq', 9, true);


--
-- Data for Name: authentication_useremailupdate; Type: TABLE DATA; Schema: public; Owner: resourceslibrescom
--

COPY authentication_useremailupdate (user_id, new_email, token, create_at) FROM stdin;
\.


--
-- Data for Name: contact_contactmessage; Type: TABLE DATA; Schema: public; Owner: resourceslibrescom
--

COPY contact_contactmessage (id, subject, message, username, email, read, is_register, create_at) FROM stdin;
2	Prueba de email	Hello	snicoper	snicoper@resourceslibres.com	t	t	2017-03-02 20:07:59.638801+01
3	Marketing suggestion for your website	We are interested to increase traffic to your website, please get back to us in order to discuss the possibility in further detail.	0120120120	william.sd.diana@gmail.com	t	f	2017-07-19 12:59:11.358727+02
4	Approve a new Django Resource	Hi\r\n\r\nI have added a good Django Tutorial, please approve it.\r\n\r\nThanks	unifoo	raymondrc3@gmail.com	t	t	2017-09-19 08:03:21.434157+02
\.


--
-- Name: contact_contactmessage_id_seq; Type: SEQUENCE SET; Schema: public; Owner: resourceslibrescom
--

SELECT pg_catalog.setval('contact_contactmessage_id_seq', 4, true);


--
-- Data for Name: django_admin_log; Type: TABLE DATA; Schema: public; Owner: resourceslibrescom
--

COPY django_admin_log (id, action_time, object_id, object_repr, action_flag, change_message, content_type_id, user_id) FROM stdin;
1	2017-02-28 22:34:24.477781+01	1	94.177.234.225	2	[{"changed": {"fields": ["domain"]}}]	6	1
2	2017-03-01 11:36:45.31377+01	1	Design	1	[{"added": {}}]	19	1
3	2017-03-01 11:36:55.918576+01	2	Developer	1	[{"added": {}}]	19	1
4	2017-03-01 11:37:06.472567+01	3	Photography	1	[{"added": {}}]	19	1
5	2017-03-01 11:37:16.101189+01	4	Video/Audio	1	[{"added": {}}]	19	1
6	2017-03-01 11:37:23.602786+01	5	Web	1	[{"added": {}}]	19	1
7	2017-03-01 11:39:39.647273+01	1	Angular	1	[{"added": {}}]	17	1
8	2017-03-01 11:40:02.042286+01	2	C#	1	[{"added": {}}]	17	1
9	2017-03-01 11:40:14.783004+01	3	Django	1	[{"added": {}}]	17	1
10	2017-03-01 11:40:35.751611+01	4	dotNet	1	[{"added": {}}]	17	1
11	2017-03-01 11:40:46.359911+01	5	PHP	1	[{"added": {}}]	17	1
12	2017-03-01 11:41:10.080191+01	6	Python	1	[{"added": {}}]	17	1
13	2017-03-01 11:43:44.228706+01	7	Javascript	1	[{"added": {}}]	17	1
14	2017-03-01 11:44:07.505381+01	8	Bootstrap	1	[{"added": {}}]	17	1
15	2017-03-01 11:44:28.278606+01	9	css	1	[{"added": {}}]	17	1
16	2017-03-01 11:44:49.071647+01	10	Foundation	1	[{"added": {}}]	17	1
17	2017-03-01 11:44:58.983209+01	11	Git	1	[{"added": {}}]	17	1
18	2017-03-01 11:45:10.639391+01	12	Grunt	1	[{"added": {}}]	17	1
19	2017-03-01 11:45:21.716905+01	13	Gulp	1	[{"added": {}}]	17	1
20	2017-03-01 11:45:33.721207+01	14	HTML	1	[{"added": {}}]	17	1
21	2017-03-01 11:45:49.869497+01	15	jQuery	1	[{"added": {}}]	17	1
22	2017-03-01 11:46:03.611936+01	16	Less	1	[{"added": {}}]	17	1
23	2017-03-01 11:46:19.021815+01	17	MaterializeCSS	1	[{"added": {}}]	17	1
24	2017-03-01 11:46:39.199584+01	18	Nodejs	1	[{"added": {}}]	17	1
25	2017-03-01 11:48:49.775987+01	19	Ruby	1	[{"added": {}}]	17	1
26	2017-03-01 11:49:02.672637+01	20	Ruby on Rails	1	[{"added": {}}]	17	1
27	2017-03-01 11:49:37.365978+01	21	VB.net	1	[{"added": {}}]	17	1
28	2017-03-01 11:50:38.362668+01	1	Spanish	1	[{"added": {}}]	18	1
29	2017-03-01 11:51:06.64702+01	2	English	1	[{"added": {}}]	18	1
30	2017-03-01 11:59:39.775518+01	1	Mozilla Complete Django Development Guide | MDN	1	[{"added": {}}]	15	1
31	2017-03-01 12:01:32.142411+01	2	Hello Web App	1	[{"added": {}}]	15	1
32	2017-03-01 12:02:35.200844+01	3	Mastering Django: Core	1	[{"added": {}}]	15	1
33	2017-03-01 12:03:53.248873+01	4	C# Yellow Book	1	[{"added": {}}]	15	1
34	2017-03-01 12:04:38.863788+01	9	CSS	2	[{"changed": {"fields": ["title"]}}]	17	1
35	2017-03-01 12:04:48.905505+01	4	DotNet	2	[{"changed": {"fields": ["title"]}}]	17	1
36	2017-03-01 12:06:26.025418+01	5	Test-Driven Development with Python	1	[{"added": {}}]	15	1
37	2017-03-01 12:20:39.176131+01	6	Tango With Django	2	[{"changed": {"fields": ["active"]}}]	15	1
38	2017-03-01 12:26:22.983213+01	3	Multi Language	1	[{"added": {}}]	18	1
39	2017-03-01 12:26:52.747661+01	3	-Multi Language	2	[{"changed": {"fields": ["title"]}}]	18	1
40	2017-03-01 12:30:15.873988+01	3	Multi Language	2	[{"changed": {"fields": ["title", "code"]}}]	18	1
41	2017-03-01 12:45:36.275655+01	7	Django Girls Tutorial	2	[{"changed": {"fields": ["active"]}}]	15	1
42	2017-03-01 15:55:26.368721+01	8	TaskBuster Django Tutorial	2	[{"changed": {"fields": ["active"]}}]	15	1
43	2017-03-01 16:19:17.484694+01	4	Bulgarian	1	[{"added": {}}]	18	1
44	2017-03-01 16:20:01.630412+01	5	Portuguese	1	[{"added": {}}]	18	1
45	2017-03-01 16:20:29.709557+01	6	Russian	1	[{"added": {}}]	18	1
46	2017-03-01 16:51:20.763813+01	22	MongoDB	1	[{"added": {}}]	17	1
47	2017-03-01 16:53:21.624542+01	23	Database	1	[{"added": {}}]	17	1
48	2017-03-01 17:00:09.968008+01	24	CoffeeScript	1	[{"added": {}}]	17	1
49	2017-03-01 17:20:39.273953+01	19	Exploring ES2016 and ES2017	2	[{"changed": {"fields": ["description"]}}]	15	1
50	2017-03-01 17:37:28.363791+01	7	French	1	[{"added": {}}]	18	1
51	2017-03-01 17:41:54.158691+01	22	Dynamisez vos sites web avec JavaScript !	2	[{"changed": {"fields": ["description"]}}]	15	1
52	2017-03-01 18:34:28.221506+01	22	Dynamisez vos sites web avec JavaScript !	2	[{"changed": {"fields": ["active"]}}]	15	1
53	2017-03-01 18:34:41.272952+01	21	AngularJS Essentials	2	[{"changed": {"fields": ["active"]}}]	15	1
54	2017-03-01 18:35:00.85701+01	20	Mastering JavaScript High Performance	2	[{"changed": {"fields": ["active"]}}]	15	1
55	2017-03-01 18:35:19.150467+01	19	Exploring ES2016 and ES2017	2	[{"changed": {"fields": ["active"]}}]	15	1
56	2017-03-01 18:35:29.804418+01	18	HTML5 Data Visualization	2	[{"changed": {"fields": ["active"]}}]	15	1
57	2017-03-01 18:35:40.957285+01	17	Thinking in JavaScript	2	[{"changed": {"fields": ["active"]}}]	15	1
58	2017-03-01 18:35:52.771271+01	16	Designing Scalable JavaScript Applications	2	[{"changed": {"fields": ["active"]}}]	15	1
59	2017-03-01 18:36:03.125886+01	15	Smooth CoffeeScript — Interactive Edition	2	[{"changed": {"fields": ["active"]}}]	15	1
60	2017-03-01 18:36:12.636745+01	14	MongoDB Instant Starter	2	[{"changed": {"fields": ["active"]}}]	15	1
61	2017-03-01 18:36:22.512177+01	13	Thinking in HTML	2	[{"changed": {"fields": ["active"]}}]	15	1
62	2017-03-01 18:36:32.971281+01	12	Practical ES6	2	[{"changed": {"fields": ["active"]}}]	15	1
63	2017-03-01 18:36:42.684381+01	11	jQuery Enlightenment	2	[{"changed": {"fields": ["active"]}}]	15	1
64	2017-03-01 18:36:52.941327+01	10	JavaScript Enlightenment	2	[{"changed": {"fields": ["active"]}}]	15	1
65	2017-03-01 18:37:02.676961+01	9	Eloquent JavaScript 2nd Edition	2	[{"changed": {"fields": ["active"]}}]	15	1
66	2017-03-01 18:45:29.74389+01	23	Hard Rock CoffeeScript	1	[{"added": {}}]	15	1
67	2017-03-01 18:49:14.964269+01	24	Understanding ECMAScript 6	1	[{"added": {}}]	15	1
68	2017-03-01 18:50:42.275683+01	25	JavaScript The Right Way	1	[{"added": {}}]	15	1
69	2017-03-01 18:53:21.223337+01	26	What You Need to Know about JavaScript	1	[{"added": {}}]	15	1
70	2017-03-01 18:55:24.190093+01	27	CoffeeScript Cookbook	1	[{"added": {}}]	15	1
71	2017-03-01 18:58:12.900589+01	28	The Little Book on CoffeeScript	1	[{"added": {}}]	15	1
72	2017-03-01 19:03:17.877915+01	29	Mostly adequate guide to FP (in javascript)	1	[{"added": {}}]	15	1
73	2017-03-01 19:06:23.445297+01	30	Learning JavaScript Design Patterns	1	[{"added": {}}]	15	1
74	2017-03-01 19:06:56.970933+01	30	Learning JavaScript Design Patterns	2	[]	15	1
75	2017-03-01 19:20:55.164055+01	31	Mastering Node	1	[{"added": {}}]	15	1
76	2017-03-01 19:23:41.515277+01	32	JavaScript Garden	1	[{"added": {}}]	15	1
77	2017-03-01 19:26:25.87096+01	33	JavaScript For Cats	1	[{"added": {}}]	15	1
78	2017-03-01 19:31:57.978368+01	25	Webpack	1	[{"added": {}}]	17	1
79	2017-03-01 19:34:03.537071+01	34	SurviveJS - Webpack	1	[{"added": {}}]	15	1
80	2017-03-01 19:37:19.00472+01	26	ReactJS	1	[{"added": {}}]	17	1
81	2017-03-01 19:38:31.829166+01	35	SurviveJS - React	1	[{"added": {}}]	15	1
82	2017-03-01 19:40:19.051534+01	36	AngularJS Directives in Traction	1	[{"added": {}}]	15	1
83	2017-03-01 19:44:37.150168+01	37	Single page apps in depth	1	[{"added": {}}]	15	1
84	2017-03-01 19:48:45.097835+01	38	Book on Building Front-End Web Apps with Plain JavaScript	1	[{"added": {}}]	15	1
85	2017-03-01 21:49:53.696453+01	39	React: Up & Running	1	[{"added": {}}]	15	1
86	2017-03-01 21:52:54.45429+01	39	React: Up & Running	3		15	1
87	2017-03-01 21:59:32.938301+01	40	Dive Into HTML5	1	[{"added": {}}]	15	1
88	2017-03-01 22:06:04.324653+01	27	D3.js	1	[{"added": {}}]	17	1
89	2017-03-01 22:08:55.27105+01	41	D3 Tips and Tricks v3.x	1	[{"added": {}}]	15	1
90	2017-03-01 22:09:31.182301+01	41	D3 Tips and Tricks v3.x	2	[{"changed": {"fields": ["image"]}}]	15	1
91	2017-03-01 22:12:44.3671+01	42	Exploring ES6	1	[{"added": {}}]	15	1
92	2017-03-01 22:18:08.603502+01	43	JavaScript Allongé	1	[{"added": {}}]	15	1
93	2017-03-01 22:20:23.785805+01	44	A guide to the basics of jQuery	1	[{"added": {}}]	15	1
94	2017-03-01 22:23:33.826835+01	45	Felix's Node.js Guide	1	[{"added": {}}]	15	1
95	2017-03-01 22:26:29.931454+01	46	Programming JavaScript Applications	1	[{"added": {}}]	15	1
96	2017-03-01 22:29:35.005646+01	47	Javascript Challenges	1	[{"added": {}}]	15	1
97	2017-03-01 22:31:46.626541+01	28	Backbone.js	1	[{"added": {}}]	17	1
98	2017-03-01 22:33:26.864805+01	48	Developing Backbone.js Applications	1	[{"added": {}}]	15	1
99	2017-03-01 22:37:47.255808+01	49	Node: Up and Running	1	[{"added": {}}]	15	1
100	2017-03-01 22:41:05.61073+01	50	Recipes with Angular.js	1	[{"added": {}}]	15	1
101	2017-03-01 22:44:31.450808+01	51	Speaking JavaScript	1	[{"added": {}}]	15	1
102	2017-03-01 22:46:55.574576+01	52	Mozilla  JavaScript Guide	1	[{"added": {}}]	15	1
103	2017-03-01 22:50:15.298073+01	53	Bootstrap - Responsive Web Development	1	[{"added": {}}]	15	1
104	2017-03-01 22:51:48.390912+01	54	HTML Canvas Deep Dive	1	[{"added": {}}]	15	1
105	2017-03-01 23:02:42.480344+01	54	HTML Canvas Deep Dive	2	[]	15	1
106	2017-03-02 08:30:21.409663+01	29	UML	1	[{"added": {}}]	17	1
107	2017-03-02 08:34:59.819975+01	30	Software engineering	1	[{"added": {}}]	17	1
108	2017-03-02 08:59:05.114232+01	30	Software Engineering	2	[{"changed": {"fields": ["title"]}}]	17	1
109	2017-03-02 09:02:16.400666+01	55	Design Patterns - Explained simply	1	[{"added": {}}]	15	1
110	2017-03-02 09:07:36.498519+01	6	Software Engineering	1	[{"added": {}}]	19	1
111	2017-03-02 09:07:57.102702+01	30	Software Engineering	3		17	1
112	2017-03-02 09:10:07.853637+01	55	Design Patterns - Explained simply	2	[]	15	1
113	2017-03-02 09:13:05.116059+01	55	Design Patterns - Explained simply	2	[]	15	1
114	2017-03-02 09:16:59.000495+01	56	Bootstrap 3, el manual oficial - LibrosWeb	1	[{"added": {}}]	15	1
115	2017-03-02 09:18:56.10167+01	31	SASS	1	[{"added": {}}]	17	1
116	2017-03-02 09:21:02.402629+01	57	Sass, el manual oficial - LibrosWeb	1	[{"added": {}}]	15	1
117	2017-03-02 09:23:09.805204+01	58	Introducción a XHTML - LibrosWeb	1	[{"added": {}}]	15	1
118	2017-03-02 09:23:54.260167+01	57	Sass, el manual oficial - LibrosWeb	2	[]	15	1
119	2017-03-02 09:24:11.709303+01	56	Bootstrap 3, el manual oficial - LibrosWeb	2	[]	15	1
120	2017-03-02 09:24:30.404935+01	54	HTML Canvas Deep Dive	2	[]	15	1
121	2017-03-02 09:24:41.725195+01	53	Bootstrap - Responsive Web Development	2	[]	15	1
122	2017-03-02 09:25:12.386404+01	40	Dive Into HTML5	2	[]	15	1
123	2017-03-02 09:25:46.116591+01	18	HTML5 Data Visualization	2	[]	15	1
124	2017-03-02 09:26:04.366174+01	13	Thinking in HTML	2	[]	15	1
125	2017-03-02 14:43:01.114902+01	1	resourceslibres.com	2	[{"changed": {"fields": ["domain"]}}]	6	1
126	2017-03-02 16:58:41.988011+01	59	Introducción a CSS - LibrosWeb	1	[{"added": {}}]	15	1
127	2017-03-02 17:00:40.901109+01	60	Introducción a JavaScript - LibrosWeb	1	[{"added": {}}]	15	1
128	2017-03-02 17:04:02.872564+01	61	Fundamentos de jQuery - LibrosWeb	1	[{"added": {}}]	15	1
129	2017-03-02 17:06:42.80963+01	62	Python para principiantes - LibrosWeb	1	[{"added": {}}]	15	1
130	2017-03-02 17:20:16.861294+01	63	Pro Git 2nd ed. Edition	1	[{"added": {}}]	15	1
131	2017-03-02 17:25:03.754997+01	64	Django Getting started (Official)	1	[{"added": {}}]	15	1
132	2017-03-02 18:40:48.017611+01	33	JavaScript For Cats	2	[{"changed": {"fields": ["description"]}}]	15	1
133	2017-03-02 18:41:34.413578+01	30	Learning JavaScript Design Patterns	2	[{"changed": {"fields": ["description"]}}]	15	1
134	2017-03-02 19:04:36.854529+01	32	Go	1	[{"added": {}}]	17	1
135	2017-03-02 19:42:22.813652+01	66	Go Bootcamp	2	[{"changed": {"fields": ["active"]}}]	15	1
136	2017-03-02 19:42:29.838555+01	65	An Introduction to Programming in Go	2	[]	15	1
137	2017-03-02 19:42:39.643857+01	65	An Introduction to Programming in Go	2	[{"changed": {"fields": ["active"]}}]	15	1
138	2017-03-02 20:07:45.185075+01	1	Prueba de email	3		11	1
139	2017-03-02 20:15:13.012702+01	67	The Little Go Book	2	[{"changed": {"fields": ["active"]}}]	15	1
140	2017-03-02 20:21:29.412191+01	68	Webapps in Go the anti textbook	2	[{"changed": {"fields": ["active"]}}]	15	1
141	2017-03-02 21:55:01.393337+01	11	Git	2	[{"changed": {"fields": ["image"]}}]	17	1
142	2017-03-02 23:01:10.349759+01	5	Web	2	[{"changed": {"fields": ["image"]}}]	19	1
143	2017-03-02 23:15:06.138775+01	5	Web	2	[{"changed": {"fields": ["image"]}}]	19	1
144	2017-03-02 23:19:21.483507+01	5	Web	2	[{"changed": {"fields": ["image"]}}]	19	1
145	2017-03-03 00:57:59.897659+01	2	Developer	2	[{"changed": {"fields": ["image"]}}]	19	1
146	2017-03-03 01:00:33.352762+01	6	Software Engineering	2	[{"changed": {"fields": ["image"]}}]	19	1
147	2017-03-03 01:02:22.779744+01	1	Design	2	[{"changed": {"fields": ["image"]}}]	19	1
148	2017-03-03 01:04:58.38245+01	3	Photography	2	[{"changed": {"fields": ["image"]}}]	19	1
149	2017-03-03 01:06:11.361127+01	4	Video/Audio	2	[{"changed": {"fields": ["image"]}}]	19	1
150	2017-03-03 11:08:31.682558+01	33	Flask	1	[{"added": {}}]	17	1
151	2017-03-03 11:26:25.012704+01	69	Flask Mega-Tutorial - Miguel Grinberg	2	[{"changed": {"fields": ["active"]}}]	15	1
152	2017-03-03 11:28:44.916898+01	70	Flask Workshop - Miguel Grinberg - PyCon 2015	1	[{"added": {}}]	15	1
153	2017-03-03 17:42:35.966858+01	1	Reading	1	[{"added": {}}]	20	1
154	2017-03-03 17:42:47.803074+01	2	Video	1	[{"added": {}}]	20	1
155	2017-03-03 18:09:13.168542+01	70	Flask Workshop - Miguel Grinberg - PyCon 2015	2	[{"changed": {"fields": ["resource_format"]}}]	15	1
156	2017-03-03 18:20:27.225128+01	1	Reading	2	[{"changed": {"fields": ["image"]}}]	20	1
157	2017-03-03 19:16:55.049407+01	6	Software Engineering	2	[{"changed": {"fields": ["image"]}}]	19	1
158	2017-03-03 23:09:52.16617+01	34	GIMP	1	[{"added": {}}]	17	1
159	2017-03-03 23:12:06.380512+01	71	Curso Básico de Gimp - frMoisesfr	2	[{"changed": {"fields": ["active"]}}]	15	1
160	2017-03-03 23:23:33.144378+01	35	Vue.js	1	[{"added": {}}]	17	1
161	2017-03-03 23:36:53.109079+01	36	Laravel	1	[{"added": {}}]	17	1
162	2017-03-03 23:44:23.307156+01	37	Java	1	[{"added": {}}]	17	1
163	2017-03-03 23:50:47.236491+01	2	Video	2	[{"changed": {"fields": ["image"]}}]	20	1
164	2017-03-03 23:50:56.607805+01	1	Reading	2	[{"changed": {"fields": ["image"]}}]	20	1
165	2017-03-04 00:41:29.993434+01	7	Operating system	1	[{"added": {}}]	19	1
166	2017-03-04 00:42:02.954136+01	38	Gnu/Linux	1	[{"added": {}}]	17	1
167	2017-03-05 11:43:24.92832+01	72	High Performance Python (from Training at EuroPython 2011) Release 0.2	1	[{"added": {}}]	15	1
168	2017-03-05 11:46:47.45427+01	2	Development	2	[{"changed": {"fields": ["title"]}}]	19	1
169	2017-03-05 11:49:28.918025+01	73	Automate the Boring Stuff with Python	1	[{"added": {}}]	15	1
170	2017-03-05 11:57:02.642577+01	74	How to Think Like a Computer Scientist: Interactive Edition	1	[{"added": {}}]	15	1
171	2017-03-05 11:58:05.674985+01	74	How to Think Like a Computer Scientist: Interactive Edition	2	[{"changed": {"fields": ["description"]}}]	15	1
172	2017-03-05 12:01:22.687869+01	75	Programming Computer Vision with Python	1	[{"added": {}}]	15	1
173	2017-03-05 12:13:30.250198+01	8	Software Architecture	1	[{"added": {}}]	19	1
174	2017-03-05 12:13:42.017086+01	8	Software architecture	2	[{"changed": {"fields": ["title"]}}]	19	1
175	2017-03-05 12:13:49.783154+01	6	Software engineering	2	[{"changed": {"fields": ["title"]}}]	19	1
176	2017-03-05 12:15:23.114912+01	3	Photography	2	[{"changed": {"fields": ["image"]}}]	19	1
177	2017-03-05 12:22:36.982441+01	75	Programming Computer Vision with Python	2	[]	15	1
178	2017-03-05 12:25:25.696949+01	76	How to  Make Mistakes  in Python	1	[{"added": {}}]	15	1
179	2017-03-05 12:25:57.829961+01	76	How to  Make Mistakes  in Python	2	[{"changed": {"fields": ["image"]}}]	15	1
180	2017-03-05 12:32:30.19429+01	77	Think Python 2nd Edition by Allen B. Downey	1	[{"added": {}}]	15	1
181	2017-03-05 12:37:57.454989+01	78	Think Java 6nd Edition	1	[{"added": {}}]	15	1
182	2017-03-05 12:40:38.808251+01	79	Think DSP	1	[{"added": {}}]	15	1
183	2017-03-05 12:46:11.773118+01	80	Think Complexity	1	[{"added": {}}]	15	1
184	2017-03-05 12:46:47.361676+01	80	Think Complexity	2	[{"changed": {"fields": ["description"]}}]	15	1
185	2017-03-05 12:49:39.888477+01	81	Django Design Patterns	1	[{"added": {}}]	15	1
186	2017-03-05 12:50:58.310104+01	81	Django Design Patterns - agiliq	2	[{"changed": {"fields": ["title", "slug"]}}]	15	1
187	2017-03-05 12:53:36.097104+01	82	Djen of django’s	1	[{"added": {}}]	15	1
188	2017-03-05 12:58:57.515093+01	83	Cours de Python - Université Paris Diderot	1	[{"added": {}}]	15	1
189	2017-03-05 13:03:25.048622+01	39	WEB2PY	1	[{"added": {}}]	17	1
190	2017-03-05 13:06:00.746661+01	84	web2py Complete Reference Manual, 6th Edition	1	[{"added": {}}]	15	1
191	2017-03-05 13:08:54.86884+01	85	Explore Flask	1	[{"added": {}}]	15	1
192	2017-03-05 13:09:50.195011+01	85	Explore Flask - Robert Picard	2	[{"changed": {"fields": ["title"]}}]	15	1
193	2017-03-05 13:10:17.514099+01	85	Explore Flask - Robert Picard	2	[{"changed": {"fields": ["slug"]}}]	15	1
194	2017-03-05 15:58:48.137768+01	86	Think Stats	1	[{"added": {}}]	15	1
195	2017-03-05 15:59:13.359446+01	86	Think Stats	2	[{"changed": {"fields": ["image"]}}]	15	1
196	2017-03-05 16:07:06.615912+01	87	Supporting Python 3	1	[{"added": {}}]	15	1
197	2017-03-05 16:09:14.252868+01	88	Welcome to Python for you and me	1	[{"added": {}}]	15	1
198	2017-03-05 16:13:03.3937+01	89	Google's Python Class	1	[{"added": {}}]	15	1
199	2017-03-05 16:17:25.257024+01	90	Problem Solving with Algorithms and Data Structures using Python	1	[{"added": {}}]	15	1
200	2017-03-05 16:19:38.412774+01	91	Natural Language Processing with Python	1	[{"added": {}}]	15	1
201	2017-03-05 16:22:53.884237+01	92	Functional Programming in Python	1	[{"added": {}}]	15	1
202	2017-03-05 16:25:07.280779+01	93	Tutorial Flask - Official	1	[{"added": {}}]	15	1
203	2017-03-05 16:25:33.617044+01	93	Tutorial Flask - Official	2	[{"changed": {"fields": ["main_tag"]}}]	15	1
204	2017-03-05 16:25:59.352157+01	93	Tutorial Flask - Official	2	[{"changed": {"fields": ["main_tag"]}}]	15	1
205	2017-03-05 16:29:46.546587+01	94	Dive Into Python 3	1	[{"added": {}}]	15	1
206	2017-03-05 16:34:35.956659+01	95	Python para todos	1	[{"added": {}}]	15	1
207	2017-03-05 16:35:22.864724+01	95	Python para todos	2	[{"changed": {"fields": ["description"]}}]	15	1
208	2017-03-05 16:39:25.172142+01	96	Picking a Python Version: A Manifesto	1	[{"added": {}}]	15	1
209	2017-03-05 16:46:11.170054+01	97	Learn Python the Hard Way	1	[{"added": {}}]	15	1
210	2017-03-05 16:49:29.732188+01	98	Learn Ruby the Hard Way	1	[{"added": {}}]	15	1
211	2017-03-05 16:49:53.94492+01	98	Learn Ruby the Hard Way	2	[{"changed": {"fields": ["image"]}}]	15	1
212	2017-03-05 16:59:52.645063+01	4	Video/Audio	2	[{"changed": {"fields": ["image"]}}]	19	1
213	2017-03-05 17:46:02.142104+01	2	C#	2	[{"changed": {"fields": ["image"]}}]	17	1
214	2017-03-05 17:46:23.242384+01	4	DotNet	2	[{"changed": {"fields": ["image"]}}]	17	1
215	2017-03-05 17:46:54.282603+01	40	DotNet Core	1	[{"added": {}}]	17	1
216	2017-03-05 17:47:19.338139+01	41	F#	1	[{"added": {}}]	17	1
217	2017-03-05 17:47:43.718126+01	42	Visual Basic	1	[{"added": {}}]	17	1
218	2017-03-05 17:57:31.86817+01	21	VB.net	3		17	1
219	2017-03-05 18:42:48.393129+01	98	Learn Ruby the Hard Way	2	[]	15	1
220	2017-03-06 15:31:47.953538+01	9	CSS	2	[{"changed": {"fields": ["image"]}}]	17	1
221	2017-03-06 15:33:07.946282+01	8	Bootstrap	2	[{"changed": {"fields": ["image"]}}]	17	1
222	2017-03-06 15:34:05.781462+01	14	HTML	2	[{"changed": {"fields": ["image"]}}]	17	1
223	2017-03-06 15:35:39.243674+01	18	Nodejs	2	[{"changed": {"fields": ["image"]}}]	17	1
224	2017-03-06 15:40:13.910366+01	6	Python	2	[{"changed": {"fields": ["image"]}}]	17	1
225	2017-03-06 15:42:04.16715+01	31	SASS	2	[{"changed": {"fields": ["image"]}}]	17	1
226	2017-03-06 15:42:54.974204+01	19	Ruby	2	[{"changed": {"fields": ["image"]}}]	17	1
227	2017-03-06 15:44:00.484434+01	15	jQuery	2	[{"changed": {"fields": ["image"]}}]	17	1
228	2017-03-06 15:45:36.897106+01	7	Javascript	2	[{"changed": {"fields": ["image"]}}]	17	1
229	2017-03-06 15:46:28.705555+01	22	MongoDB	2	[{"changed": {"fields": ["image"]}}]	17	1
230	2017-03-06 15:48:54.333052+01	9	CSS	2	[{"changed": {"fields": ["image"]}}]	17	1
231	2017-03-06 15:50:40.203553+01	1	Angular	2	[{"changed": {"fields": ["image"]}}]	17	1
232	2017-03-06 15:51:37.944599+01	37	Java	2	[{"changed": {"fields": ["image"]}}]	17	1
233	2017-03-06 16:18:16.595269+01	99	Vue.js V2 Guide - (Official)	1	[{"added": {}}]	15	1
234	2017-03-06 16:23:25.636944+01	100	The Vast World of Vue.js 0.12 - laracasts	1	[{"added": {}}]	15	1
235	2017-03-06 16:24:37.330624+01	101	Learn Vue 2: Step By Step - Laracast	1	[{"added": {}}]	15	1
236	2017-03-06 16:25:00.345749+01	100	The Vast World of Vue.js 0.12 - Laracasts	2	[{"changed": {"fields": ["title"]}}]	15	1
237	2017-03-06 16:25:28.50167+01	101	Learn Vue 2: Step By Step - Laracasts	2	[{"changed": {"fields": ["title", "slug"]}}]	15	1
238	2017-03-06 16:28:46.679769+01	102	An Introduction into Vue.js: Building an Example App	1	[{"added": {}}]	15	1
239	2017-03-06 16:34:38.277008+01	103	Vue.js Fundamentals - DevMarketer	1	[{"added": {}}]	15	1
240	2017-03-06 16:34:51.592748+01	103	Vue.js Fundamentals - DevMarketer	2	[{"changed": {"fields": ["image"]}}]	15	1
241	2017-03-06 16:38:19.013324+01	104	Getting up and Running with the Vue.js 2.0 Framework	1	[{"added": {}}]	15	1
242	2017-03-06 16:40:11.355315+01	105	Laravel 5.4 From Scratch	1	[{"added": {}}]	15	1
243	2017-03-06 16:40:56.84817+01	105	Laravel 5.4 From Scratch - Laracasts	2	[{"changed": {"fields": ["title", "slug"]}}]	15	1
244	2017-03-06 17:23:49.419961+01	106	jQuery Trickshots by Tutorialzine	1	[{"added": {}}]	15	1
245	2017-03-06 21:18:18.341013+01	1	Angular	2	[{"changed": {"fields": ["image"]}}]	17	1
246	2017-03-06 21:19:22.469896+01	28	Backbone.js	2	[{"changed": {"fields": ["image"]}}]	17	1
247	2017-03-07 08:28:16.643497+01	107	Curso de Django - Jesus Conde	1	[{"added": {}}]	15	1
248	2017-03-07 08:42:00.747434+01	108	Probar Django 1.9 - Karlita	1	[{"added": {}}]	15	1
249	2017-03-07 08:44:46.557082+01	107	Curso de Django - Jesus Conde	2	[{"changed": {"fields": ["description"]}}]	15	1
250	2017-03-07 08:46:02.123396+01	108	Probar Django 1.9 - Karlita	2	[]	15	1
251	2017-03-07 08:50:07.835526+01	108	Probar Django 1.9 - Karlita	2	[{"changed": {"fields": ["description"]}}]	15	1
252	2017-03-07 08:53:26.947198+01	109	Probar Django 1.10 | Crear una Aplicación Web - Karlita	1	[{"added": {}}]	15	1
253	2017-03-07 08:56:08.19265+01	107	Curso de Django - Jesus Conde	2	[]	15	1
254	2017-03-07 08:59:57.724727+01	110	Aprender Class Based Views de Django - Karlita	1	[{"added": {}}]	15	1
255	2017-03-07 09:01:30.782387+01	110	Aprender Class Based Views de Django - Karlita	2	[{"changed": {"fields": ["image"]}}]	15	1
256	2017-03-07 09:17:46.362266+01	111	Try Django 1.8 - codingforentrepreneurs	1	[{"added": {}}]	15	1
257	2017-03-07 09:20:29.164699+01	112	Try Django 1.9 - codingforentrepreneurs	1	[{"added": {}}]	15	1
258	2017-03-07 09:23:40.240138+01	113	Try Django 1.10 - codingforentrepreneurs	1	[{"added": {}}]	15	1
259	2017-03-07 09:29:40.69144+01	114	Blog API with Django Rest Framework - codingforentrepreneurs	1	[{"added": {}}]	15	1
260	2017-03-07 10:35:33.741179+01	113	Try Django 1.10 - codingforentrepreneurs	2	[{"changed": {"fields": ["image"]}}]	15	1
261	2017-03-07 10:36:06.606752+01	114	Blog API with Django Rest Framework - codingforentrepreneurs	2	[{"changed": {"fields": ["image"]}}]	15	1
262	2017-03-07 10:47:08.319673+01	115	Python Django Tutorials - mikesdjangotutorials	1	[{"added": {}}]	15	1
263	2017-03-07 10:47:28.452655+01	115	Python Django Tutorials - mikesdjangotutorials	2	[{"changed": {"fields": ["main_tag"]}}]	15	1
264	2017-03-07 17:13:16.804668+01	1	Reading	2	[{"changed": {"fields": ["image"]}}]	20	1
265	2017-03-07 17:13:24.794955+01	2	Video	2	[{"changed": {"fields": ["image"]}}]	20	1
266	2017-03-07 17:13:38.372645+01	3	Youtuve chanel	1	[{"added": {}}]	20	1
267	2017-03-07 17:13:57.109076+01	4	Article	1	[{"added": {}}]	20	1
268	2017-03-07 17:58:44.955644+01	3	Youtuve channel	2	[{"changed": {"fields": ["title"]}}]	20	1
269	2017-03-07 17:58:54.472577+01	1	Book	2	[{"changed": {"fields": ["title"]}}]	20	1
270	2017-03-08 16:19:46.038886+01	116	GIMP User Manual - (Official)	2	[{"changed": {"fields": ["active"]}}]	15	1
271	2017-03-08 16:33:59.487214+01	43	Photoshop	1	[{"added": {}}]	17	1
272	2017-03-08 16:41:00.75303+01	117	Adobe Photoshop Learn - Official	1	[{"added": {}}]	15	1
273	2017-03-08 16:41:49.302328+01	117	Adobe Photoshop Learn - Official	2	[{"changed": {"fields": ["description"]}}]	15	1
274	2017-03-08 16:51:48.602638+01	43	Photoshop	2	[{"changed": {"fields": ["image"]}}]	17	1
275	2017-03-09 12:17:57.100553+01	118	Java: The Legend	1	[{"added": {}}]	15	1
276	2017-03-09 12:20:31.50166+01	119	Microservices for Java Developers - A Hands-On Introduction to Frameworks and Containers	1	[{"added": {}}]	15	1
277	2017-03-09 12:23:25.36746+01	120	Modern Java EE Design Patterns - Building Scalable Architecture for Sustainable Enterprise Development	1	[{"added": {}}]	15	1
278	2017-03-09 12:26:30.370487+01	121	Object-Oriented vs. Functional Programming	1	[{"added": {}}]	15	1
279	2017-03-09 12:27:08.68862+01	121	Object-Oriented vs. Functional Programming	2	[]	15	1
280	2017-03-09 12:27:25.701801+01	120	Modern Java EE Design Patterns	2	[{"changed": {"fields": ["title", "slug"]}}]	15	1
281	2017-03-09 12:27:40.385881+01	119	Microservices for Java Developers	2	[{"changed": {"fields": ["title", "slug"]}}]	15	1
282	2017-03-31 22:11:02.312391+02	122	Aprende Vue2 y Firebase paso a paso	1	[{"added": {}}]	15	1
283	2017-03-31 22:12:30.437583+02	44	Firebase	1	[{"added": {}}]	17	1
284	2017-03-31 22:12:51.6654+02	122	Aprende Vue2 y Firebase paso a paso	2	[]	15	1
285	2017-04-28 12:30:30.299188+02	1	Diseño	2	[{"changed": {"fields": ["title", "slug"]}}]	19	1
286	2017-04-28 12:30:43.711431+02	2	Desarrollo	2	[{"changed": {"fields": ["title", "slug"]}}]	19	1
287	2017-04-28 12:31:21.238611+02	7	Sistemas operativos	2	[{"changed": {"fields": ["title", "slug"]}}]	19	1
288	2017-04-28 12:31:35.674066+02	3	Fotografia	2	[{"changed": {"fields": ["title", "slug"]}}]	19	1
289	2017-04-28 12:32:06.350343+02	8	Arquitectura de software	2	[{"changed": {"fields": ["title", "slug"]}}]	19	1
290	2017-04-28 12:32:23.575847+02	6	Ingeniería de software	2	[{"changed": {"fields": ["title", "slug"]}}]	19	1
291	2017-04-28 12:32:51.498179+02	4	Articulo	2	[{"changed": {"fields": ["title"]}}]	20	1
292	2017-04-28 12:33:00.516392+02	1	Libro	2	[{"changed": {"fields": ["title"]}}]	20	1
293	2017-04-28 12:33:14.198647+02	3	Youtube	2	[{"changed": {"fields": ["title"]}}]	20	1
294	2017-04-28 12:33:42.300947+02	6	Ruso	2	[{"changed": {"fields": ["title", "slug"]}}]	18	1
295	2017-04-28 12:33:51.251241+02	5	Portugues	2	[{"changed": {"fields": ["title", "slug"]}}]	18	1
296	2017-04-28 12:34:03.975256+02	3	Milti	2	[{"changed": {"fields": ["title", "slug"]}}]	18	1
297	2017-04-28 12:34:12.86603+02	7	Frances	2	[{"changed": {"fields": ["title", "slug"]}}]	18	1
298	2017-04-28 12:34:20.878731+02	1	Español	2	[{"changed": {"fields": ["title", "slug"]}}]	18	1
299	2017-04-28 12:34:29.431173+02	2	Ingles	2	[{"changed": {"fields": ["title", "slug"]}}]	18	1
300	2017-04-28 12:34:39.032249+02	4	Bulgaro	2	[{"changed": {"fields": ["title", "slug"]}}]	18	1
301	2017-05-11 11:52:08.43575+02	123	Django Tutorials - Max Goodridge	2	[]	15	1
302	2017-05-11 11:52:15.85541+02	123	Django Tutorials - Max Goodridge	2	[{"changed": {"fields": ["active"]}}]	15	1
303	2017-05-11 11:56:50.060429+02	124	Django Tutorials - Max Goodridge 2	3		15	1
304	2017-09-19 22:39:04.78642+02	125	Django tutorial	2	[{"changed": {"fields": ["active"]}}]	15	1
305	2017-10-16 03:02:36.577667+02	126	A Complete Beginner's Guide to Django - Vitor Freitas	2	[{"changed": {"fields": ["active"]}}]	15	1
\.


--
-- Name: django_admin_log_id_seq; Type: SEQUENCE SET; Schema: public; Owner: resourceslibrescom
--

SELECT pg_catalog.setval('django_admin_log_id_seq', 305, true);


--
-- Data for Name: django_content_type; Type: TABLE DATA; Schema: public; Owner: resourceslibrescom
--

COPY django_content_type (id, app_label, model) FROM stdin;
1	admin	logentry
2	auth	permission
3	auth	group
4	contenttypes	contenttype
5	sessions	session
6	sites	site
7	accounts	userkarma
8	accounts	user
9	authentication	useremailupdate
10	authentication	registeruser
11	contact	contactmessage
12	favorites	favorite
13	read	readuserresources
14	resources	quickresource
15	resources	resource
16	resources	ratio
17	resources	tag
18	resources	language
19	resources	category
20	resources	resourceformat
\.


--
-- Name: django_content_type_id_seq; Type: SEQUENCE SET; Schema: public; Owner: resourceslibrescom
--

SELECT pg_catalog.setval('django_content_type_id_seq', 20, true);


--
-- Data for Name: django_migrations; Type: TABLE DATA; Schema: public; Owner: resourceslibrescom
--

COPY django_migrations (id, app, name, applied) FROM stdin;
1	contenttypes	0001_initial	2017-02-28 19:36:03.945749+01
2	contenttypes	0002_remove_content_type_name	2017-02-28 19:36:04.430547+01
3	auth	0001_initial	2017-02-28 19:36:06.305932+01
4	auth	0002_alter_permission_name_max_length	2017-02-28 19:36:06.562451+01
5	auth	0003_alter_user_email_max_length	2017-02-28 19:36:06.84042+01
6	auth	0004_alter_user_username_opts	2017-02-28 19:36:07.121191+01
7	auth	0005_alter_user_last_login_null	2017-02-28 19:36:07.481393+01
8	auth	0006_require_contenttypes_0002	2017-02-28 19:36:07.588145+01
9	auth	0007_alter_validators_add_error_messages	2017-02-28 19:36:07.792886+01
10	auth	0008_alter_user_username_max_length	2017-02-28 19:36:08.016585+01
11	accounts	0001_initial	2017-02-28 19:36:09.499582+01
12	admin	0001_initial	2017-02-28 19:36:10.388077+01
13	admin	0002_logentry_remove_auto_add	2017-02-28 19:36:10.628094+01
14	authentication	0001_initial	2017-02-28 19:36:11.158997+01
15	contact	0001_initial	2017-02-28 19:36:11.385637+01
16	resources	0001_initial	2017-02-28 19:36:16.789257+01
17	favorites	0001_initial	2017-02-28 19:36:17.415276+01
18	read	0001_initial	2017-02-28 19:36:19.868481+01
19	sessions	0001_initial	2017-02-28 19:36:20.214089+01
20	sites	0001_initial	2017-02-28 19:36:20.538022+01
21	sites	0002_alter_domain_unique	2017-02-28 19:36:20.840099+01
22	resources	0002_auto_20170301_1234	2017-03-01 12:36:09.820686+01
23	resources	0003_auto_20170301_1238	2017-03-01 12:39:31.336765+01
24	resources	0004_category_image	2017-03-02 22:14:02.682818+01
25	resources	0005_auto_20170302_2317	2017-03-02 23:18:39.533975+01
26	resources	0006_resourceformat	2017-03-03 16:59:39.464281+01
27	resources	0007_resource_resource_format	2017-03-03 17:44:13.250387+01
28	resources	0008_auto_20170303_1801	2017-03-03 18:08:21.007114+01
29	resources	0009_resource_require_register	2017-03-07 20:34:14.994835+01
\.


--
-- Name: django_migrations_id_seq; Type: SEQUENCE SET; Schema: public; Owner: resourceslibrescom
--

SELECT pg_catalog.setval('django_migrations_id_seq', 29, true);


--
-- Data for Name: django_session; Type: TABLE DATA; Schema: public; Owner: resourceslibrescom
--

COPY django_session (session_key, session_data, expire_date) FROM stdin;
afcnwr69ix6gfpyhitg4ag15w6wehdgr	ZTU0ZjU2NDg4MzY4ODdkOTU5MWExYzIwYTY2ZDU5YThkM2I4NzZkMjp7Il9hdXRoX3VzZXJfYmFja2VuZCI6ImF1dGhlbnRpY2F0aW9uLmJhY2tlbmRzLkVtYWlsT3JVc2VybmFtZU1vZGVsQmFja2VuZCIsIl9hdXRoX3VzZXJfaGFzaCI6IjA5YjQxOWZlZDNmODNmMTdiMGI0MmZjZWNlZDgxZDBjZWFkNTFlZjUiLCJfYXV0aF91c2VyX2lkIjoiMSJ9	2018-01-31 00:05:13.891956+01
wcg2pu0tt4utol7t7jpvqicpvr18jdxu	ZTU0ZjU2NDg4MzY4ODdkOTU5MWExYzIwYTY2ZDU5YThkM2I4NzZkMjp7Il9hdXRoX3VzZXJfYmFja2VuZCI6ImF1dGhlbnRpY2F0aW9uLmJhY2tlbmRzLkVtYWlsT3JVc2VybmFtZU1vZGVsQmFja2VuZCIsIl9hdXRoX3VzZXJfaGFzaCI6IjA5YjQxOWZlZDNmODNmMTdiMGI0MmZjZWNlZDgxZDBjZWFkNTFlZjUiLCJfYXV0aF91c2VyX2lkIjoiMSJ9	2018-02-01 23:14:19.795773+01
\.


--
-- Data for Name: django_site; Type: TABLE DATA; Schema: public; Owner: resourceslibrescom
--

COPY django_site (id, domain, name) FROM stdin;
1	resourceslibres.com	ResourcesLibres
\.


--
-- Name: django_site_id_seq; Type: SEQUENCE SET; Schema: public; Owner: resourceslibrescom
--

SELECT pg_catalog.setval('django_site_id_seq', 1, true);


--
-- Data for Name: favorites_favorite; Type: TABLE DATA; Schema: public; Owner: resourceslibrescom
--

COPY favorites_favorite (user_id) FROM stdin;
1
2
\.


--
-- Data for Name: favorites_favorite_resources; Type: TABLE DATA; Schema: public; Owner: resourceslibrescom
--

COPY favorites_favorite_resources (id, favorite_id, resource_id) FROM stdin;
2	2	125
3	1	125
\.


--
-- Name: favorites_favorite_resources_id_seq; Type: SEQUENCE SET; Schema: public; Owner: resourceslibrescom
--

SELECT pg_catalog.setval('favorites_favorite_resources_id_seq', 3, true);


--
-- Data for Name: read_readuserresources; Type: TABLE DATA; Schema: public; Owner: resourceslibrescom
--

COPY read_readuserresources (user_id) FROM stdin;
1
2
\.


--
-- Data for Name: read_readuserresources_resources; Type: TABLE DATA; Schema: public; Owner: resourceslibrescom
--

COPY read_readuserresources_resources (id, readuserresources_id, resource_id) FROM stdin;
1	2	125
\.


--
-- Name: read_readuserresources_resources_id_seq; Type: SEQUENCE SET; Schema: public; Owner: resourceslibrescom
--

SELECT pg_catalog.setval('read_readuserresources_resources_id_seq', 1, true);


--
-- Data for Name: resources_category; Type: TABLE DATA; Schema: public; Owner: resourceslibrescom
--

COPY resources_category (id, title, slug, image) FROM stdin;
5	Web	web	resources/categories/www.png
4	Video/Audio	videoaudio	resources/categories/1488751118_Video-Camera-2.png
1	Diseño	diseno	resources/categories/1488520923_Vectors_Art.png
2	Desarrollo	desarrollo	resources/categories/1488520638_development.png
7	Sistemas operativos	sistemas-operativos	resources/categories/pc.png
3	Fotografia	fotografia	resources/categories/1488734103_FEZ-05.png
8	Arquitectura de software	arquitectura-de-software	resources/categories/1488733993_City.png
6	Ingeniería de software	ingenieria-de-software	resources/categories/servicing_icon.png
\.


--
-- Name: resources_category_id_seq; Type: SEQUENCE SET; Schema: public; Owner: resourceslibrescom
--

SELECT pg_catalog.setval('resources_category_id_seq', 8, true);


--
-- Data for Name: resources_language; Type: TABLE DATA; Schema: public; Owner: resourceslibrescom
--

COPY resources_language (id, title, slug, code, flag) FROM stdin;
6	Ruso	ruso	ru	resources/languages/Russia.png
5	Portugues	portugues	pt	resources/languages/Portugal.png
3	Milti	milti	_multi	resources/languages/fotolia_flags.jpg
7	Frances	frances	fr	resources/languages/France.png
1	Español	espanol	es	resources/languages/Spain.png
2	Ingles	ingles	en	resources/languages/United-Kingdom.png
4	Bulgaro	bulgaro	bg	resources/languages/Bulgaria.png
\.


--
-- Name: resources_language_id_seq; Type: SEQUENCE SET; Schema: public; Owner: resourceslibrescom
--

SELECT pg_catalog.setval('resources_language_id_seq', 7, true);


--
-- Data for Name: resources_quickresource; Type: TABLE DATA; Schema: public; Owner: resourceslibrescom
--

COPY resources_quickresource (id, title, slug, link, message, create_at, owner_id) FROM stdin;
\.


--
-- Name: resources_quickresource_id_seq; Type: SEQUENCE SET; Schema: public; Owner: resourceslibrescom
--

SELECT pg_catalog.setval('resources_quickresource_id_seq', 1, false);


--
-- Data for Name: resources_ratio; Type: TABLE DATA; Schema: public; Owner: resourceslibrescom
--

COPY resources_ratio (id, score, resource_id, user_id) FROM stdin;
\.


--
-- Name: resources_ratio_id_seq; Type: SEQUENCE SET; Schema: public; Owner: resourceslibrescom
--

SELECT pg_catalog.setval('resources_ratio_id_seq', 1, false);


--
-- Data for Name: resources_resource; Type: TABLE DATA; Schema: public; Owner: resourceslibrescom
--

COPY resources_resource (id, title, slug, link, image, description, views, clicks, marked_broken, marked_spam, active, create_at, update_at, main_tag_id, owner_id, resource_format_id, require_register) FROM stdin;
37	Single page apps in depth	single-page-apps-in-depth	http://singlepageappbook.com/		This free book is what I wanted when I started working with single page apps. It's not an API reference on a particular framework, rather, the focus is on discussing patterns, implementation choices and decent practices.\r\n\r\nI'm taking a "code and concepts" approach to the topic - the best way to learn how to use something is to understand how it is implemented. My ambition here is to decompose the problem of writing a web app, take a fresh look at it and hopefully make better decisions the next time you make one.	53	37	0	0	t	2017-03-01 19:44:37.125627+01	2018-01-13 17:05:48.343487+01	7	1	1	f
126	A Complete Beginner's Guide to Django - Vitor Freitas	a-complete-beginners-guide-to-django-vitor-freitas	https://simpleisbetterthancomplex.com/series/beginners-guide/1.11/	resources/resources/ACompleteBeginnerGuidetoDjango.jpg	I’m starting today a new tutorial series about the Django fundamentals. It’s a complete beginner’s guide to start learning Django. The material is divided into seven parts. We’re going to explore all the basic concepts in great detail, from installation, preparation of the development environment, models, views, templates, URLs to more advanced topics such as migrations, testing, and deployment.	56	20	0	0	t	2017-10-16 03:02:06.34873+02	2018-01-17 16:06:58.209709+01	3	1	4	f
13	Thinking in HTML	thinking-in-html	https://www.packtpub.com/packt/free-ebook/thinking-in-html2	resources/resources/Thinking_in_HTML.jpg	For anyone who wants to understand the web and how it works, HTML is an essential place to start. This free eBook provides you with everything you need to know to get to grips with HTML and to begin building your own web pages. Explore how HTML code structures a web page and use and adapt the examples for yourself to begin building your own web pages today.	72	48	0	0	t	2017-03-01 16:47:17.703334+01	2018-01-13 16:46:48.297598+01	14	1	1	f
92	Functional Programming in Python	functional-programming-in-python	http://www.oreilly.com/programming/free/functional-programming-python.csp	resources/resources/FunctionalProgramminginPython.gif	Python is not a functional programming language, but it is a multi-paradigm language that makes functional programming easy to perform, and easy to mix with other programming styles. In this paper, David Mertz, a director of Python Software Foundation, examines the functional aspects of the language and points out which options work well and which ones you should generally decline.\r\n\r\nMertz describes ways to avoid Python’s imperative-style flow control, the nuances of callable functions, how to work lazily with iterators, and the use of higher-order functions. He also lists several third-party Python libraries useful for functional programming.\r\n\r\nTopics include:\r\n\r\n* Using encapsulation and other means to describe "what" a data collection consists of, rather than "how" to construct a data collection\r\n* Creating callables with named functions, lambdas, closures, methods of classes, and multiple dispatch\r\n* Using Python’s iterator protocol to accomplish the same effect as a lazy data structure\r\n* Creating higher-order functions that take functions as arguments and/or produce a function as a result	62	34	0	0	t	2017-03-05 16:22:53.79653+01	2018-01-13 17:17:37.547748+01	6	1	1	f
6	Tango With Django	tango-with-django	http://www.tangowithdjango.com/	resources/resources/twd-cover-crop.jpg	**Tango With Django** is a begginner's guide to Web Development using the popular Python Based Web Framework Django. The book provides a hands-on guide to designing and building web applications, explaining how all the technology fits together as you build Rango and then deploying the application on PythonAnywhere. Through the course of the book, you will not only learn how to Tango with Django, but also learn about Javascript/Jquery, CSS/Bootstrap and HTML, PIP and Git/GitHub.	62	38	0	0	t	2017-03-01 12:19:34.686183+01	2018-01-13 16:49:53.056088+01	3	1	1	f
12	Practical ES6	practical-es6	https://ponyfoo.com/books/practical-es6	resources/resources/practical-es6.b2b35ad8.png	Ideal for professional software developers with a basic understanding of JavaScript, this practical book shows you how to build small, interconnected ES6 JavaScript modules that emphasize reusability. You’ll learn how to face a project with a modular mindset, and how to organize your applications into simple pieces that work well in isolation and can be combined to create a large, robust application.\r\n\r\nThis book focuses on two aspects of JavaScript development: modularity and ES6 features. You’ll learn how to tackle application development by following a scale-out approach. As pieces of your codebase grow too big, you can break them up into smaller modules.	59	39	0	0	t	2017-03-01 16:44:26.371509+01	2018-01-17 15:56:48.191781+01	7	1	1	f
17	Thinking in JavaScript	thinking-in-javascript	https://www.packtpub.com/packt/free-ebook/thinking-in-javascript2	resources/resources/Thinking_in_JavaScript.jpg	Get started with JavaScript with this free eBook and learn one of the most important languages in web development today. With helpful tips and code examples, discover how you can create websites with impressive and dynamic functionality. Explore JavaScript’s in-built features and find out how to customize them in this accessible and free guide.\r\n\r\n**What You Will Learn**\r\n\r\n* Find out how JavaScript is applied to a web page and interacts with HTML\r\n* Learn the JavaScript syntax and follow code examples to put JavaScript to work\r\n* Explore JavaScript’s in-built functions and find out how to create your own\r\n* Discover modern, responsive web design with JQuery	55	34	0	0	t	2017-03-01 17:12:44.992578+01	2018-01-14 00:13:31.943507+01	7	1	1	f
45	Felix's Node.js Guide	felixs-nodejs-guide	http://nodeguide.com/		## About this guide\r\n\r\nHi, I am [Felix Geisendörfer](http://twitter.com/felixge), an early [node.js](http://nodejs.org/) core contributor and co-founder of [transloadit.com](http://transloadit.com/).\r\n\r\nOver the past few months I have given a lot of [talks](http://www.slideshare.net/the_undefined/presentations) and done a lot of [consulting](http://debuggable.com/) on using node.js.\r\n\r\nSince I found myself repeating a lot of things over and over, I decided to use some of my recent vacation to start this opinionated and unofficial guide to help people getting started in node.js.	65	39	0	0	t	2017-03-01 22:23:33.807812+01	2018-01-13 16:52:22.401372+01	18	1	1	f
99	Vue.js V2 Guide - (Official)	vuejs-v2-guide-official	https://vuejs.org/v2/guide/		**What is Vue.js?**\r\n\r\nVue (pronounced /vjuː/, like view) is a progressive framework for building user interfaces. Unlike other monolithic frameworks, Vue is designed from the ground up to be incrementally adoptable. The core library is focused on the view layer only, and is very easy to pick up and integrate with other libraries or existing projects. On the other hand, Vue is also perfectly capable of powering sophisticated Single-Page Applications when used in combination with [modern tooling](https://vuejs.org/v2/guide/single-file-components.html) and [supporting libraries](https://github.com/vuejs/awesome-vue#libraries--plugins).\r\n\r\nIf you are an experienced frontend developer and want to know how Vue compares to other libraries/frameworks, check out the [Comparison with Other Frameworks](https://vuejs.org/v2/guide/comparison.html).	110	40	0	0	t	2017-03-06 16:18:16.399275+01	2018-01-17 13:46:06.238762+01	35	1	1	f
74	How to Think Like a Computer Scientist: Interactive Edition	how-to-think-like-a-computer-scientist-interactive-edition	http://interactivepython.org/runestone/static/thinkcspy/index.html		This project began with the original How to Think Like a Computer Scientist text by Jeffrey Elkner, Peter Wentworth, Allen B. Downey, Chris Meyers, and Dario Mitchell. Since 2011 Brad Miller, David Ranum, Barbara Ericson, Mark Guzdial, and many others have built on the text making it interactive.\r\n\r\nProgramming is not a "spectator sport". It is something you do, something you participate in. It would make sense, then, that the book you use to learn programming should allow you to be active. That is our goal.\r\n\r\nThis book is meant to provide you with an interactive experience as you learn to program in Python. You can read the text, watch videos, and write and execute Python code. In addition to simply executing code, there is a unique feature called 'codelens' that allows you to control the flow of execution in order to gain a better understanding of how the program works.\r\n\r\n**GitHub** [https://github.com/RunestoneInteractive/thinkcspy](https://github.com/RunestoneInteractive/thinkcspy)	42	18	0	0	t	2017-03-05 11:57:02.541015+01	2018-01-11 12:08:11.820858+01	6	1	1	f
19	Exploring ES2016 and ES2017	exploring-es2016-and-es2017	http://exploringjs.com/es2016-es2017.html	resources/resources/Exploring_ES2016_and_ES2017.jpg	* Covers the latest versions of JavaScript as they are created.\r\n* Is a book for people who already know JavaScript.	59	34	0	0	t	2017-03-01 17:20:15.597128+01	2018-01-13 17:07:52.714691+01	7	1	1	f
20	Mastering JavaScript High Performance	mastering-javascript-high-performance	https://www.packtpub.com/packt/free-ebook/javascript-high-performance	resources/resources/Mastering_JavaScript_High_Performance_0.jpg	Studying JavaScript performance in depth will make you capable of tackling the complex and important tasks required to solve performance issues. With this full-length free eBook, discover how to optimize your JavaScript for both mobile and web applications.\r\n\r\n* Create your own build system for JavaScript projects using Node.js and GulpJS\r\n* Get to know best performance-focused practices when writing JavaScript code\r\n* Use the DOM more efficiently by optimizing JavaScript with CSS3 animations\r\n* Learn how to unit test JavaScript code using Jasmine	53	24	0	0	t	2017-03-01 17:27:02.390816+01	2018-01-04 23:28:19.849788+01	7	1	1	f
7	Django Girls Tutorial	django-girls-tutorial	https://www.gitbook.com/book/djangogirls/djangogirls-tutorial/details	resources/resources/django-girls.png	## Welcome\r\n\r\nWelcome to the Django Girls Tutorial! We are happy to see you here :) In this tutorial, we will take you on a journey under the hood of web technologies, offering you a glimpse of all the bits and pieces that need to come together to make the web work as we know it.\r\n\r\nAs with all unknown things, this is going to be an adventure - but no worries, since you already worked up the courage to be here, you'll be just fine :)\r\n\r\n## Introduction\r\n\r\nHave you ever felt that the world is more and more about technology to which you cannot (yet) relate? Have you ever wondered how to create a website but have never had enough motivation to start? Have you ever thought that the software world is too complicated for you to even try doing something on your own?\r\n\r\nWell, we have good news for you! Programming is not as hard as it seems and we want to show you how fun it can be.\r\n\r\nThis tutorial will not magically turn you into a programmer. If you want to be good at it, you need months or even years of learning and practice. But we want to show you that programming or creating websites is not as complicated as it seems. We will try to explain different bits and pieces as well as we can, so you will not feel intimidated by technology.\r\n\r\nWe hope that we'll be able to make you love technology as much as we do!	55	49	0	0	t	2017-03-01 12:44:55.625436+01	2018-01-19 20:24:19.930153+01	3	1	1	f
27	CoffeeScript Cookbook	coffeescript-cookbook	https://coffeescript-cookbook.github.io/		CoffeeScript recipes for the community by the community.	60	45	0	0	t	2017-03-01 18:55:24.094156+01	2018-01-20 16:21:00.545744+01	24	1	1	f
25	JavaScript The Right Way	javascript-the-right-way	http://jstherightway.org/		This is a guide intended to introduce new developers to JavaScript and help experienced developers learn more about its best practices.\r\n\r\nDespite the name, this guide doesn't necessarily mean "the only way" to do JavaScript.\r\n\r\nWe just gather all the articles, tips, and tricks from top developers and put it here. Since it comes from exceptional folks, we could say that it is "the right way", or the best way to do so.	59	39	0	0	t	2017-03-01 18:50:42.182948+01	2018-01-13 17:03:23.005173+01	7	1	1	f
29	Mostly adequate guide to FP (in javascript)	mostly-adequate-guide-to-fp-in-javascript	https://github.com/MostlyAdequate/mostly-adequate-guide	resources/resources/mostly-adequate-guide.png	This is a book on the functional paradigm in general. We'll use the world's most popular functional programming language: JavaScript. Some may feel this is a poor choice as it's against the grain of the current culture which, at the moment, feels predominately imperative. However, I believe it is the best way to learn FP for several reasons:\r\n\r\n* **You likely use it every day at work.**\r\n\r\n    This makes it possible to practice and apply your acquired knowledge each day on real world programs rather than pet projects on nights and weekends in an esoteric FP language.\r\n\r\n* **We don't have to learn everything up front to start writing programs.**\r\n\r\n    In a pure functional language, you cannot log a variable or read a DOM node without using monads. Here we can cheat a little as we learn to purify our codebase. It's also easier to get started in this language since it's mixed paradigm and you can fall back on your current practices while there are gaps in your knowledge.\r\n\r\n* **The language is fully capable of writing top notch functional code.**\r\n\r\n    We have all the features we need to mimic a language like Scala or Haskell with the help of a tiny library or two. Object-oriented programming currently dominates the industry, but it's clearly awkward in JavaScript. It's akin to camping off of a highway or tap dancing in galoshes. We have to bind all over the place lest this change out from under us, we don't have classes (yet), we have various work arounds for the quirky behavior when the new keyword is forgotten, private members are only available via closures. To a lot of us, FP feels more natural anyways.\r\n\r\nThat said, typed functional languages will, without a doubt, be the best place to code in the style presented by this book. JavaScript will be our means of learning a paradigm, where you apply it is up to you. Luckily, the interfaces are mathematical and, as such, ubiquitous. You'll find yourself at home with swiftz, scalaz, haskell, purescript, and other mathematically inclined environments.	88	17	0	0	t	2017-03-01 19:03:17.664454+01	2018-01-04 09:55:15.587164+01	7	1	1	f
84	web2py Complete Reference Manual, 6th Edition	web2py-complete-reference-manual-6th-edition	http://www.web2py.com/book		I believe that the ability to easily build high quality web applications is of critical importance for the growth of a free and open society. This prevents the biggest players from monopolizing the flow of information.\r\n\r\nHence I started the web2py project in 2007, primarily as a teaching tool with the goal of making web development easier, faster, and more secure. Over time, it has managed to win the affection of thousands of knowledgeable users and hundreds of developers. Our collective effort has created one of the most full-featured Open Source Web Frameworks for enterprise web development.\r\n\r\nAs a result, in 2011, web2py won the Bossie Award for best Open Source Development Software, and in 2012 it won the Technology of the Year award from InfoWorld.\r\n\r\nAs you will learn in the following pages, web2py tries to lower the barrier of entry to web development by focusing on three main goals:\r\n\r\nEase of use. This means reducing the learning and deployment time as well as development and maintenance costs. This is why web2py is a full-stack framework without dependencies. It requires no installation and has no configuration files. Everything works out of the box, including a web server, database and a web-based IDE that gives access to all the main features. The API includes just 12 core objects, which are easy to work with and memorize. It can interoperate with most web servers, databases and all Python libraries.\r\n\r\nRapid development. Every function of web2py has a default behavior (which can be overridden). For example, as soon as you have specified your data models, you will have access to a web-based database administration panel. Also, web2py automatically generates forms for your data and it allows you to easily expose the data in HTML, XML, JSON, RSS, etc. web2py provides some high level widgets such as the wiki and the grid to rapidly build complex applications.\r\n\r\nSecurity. The web2py Database Abstraction Layer (DAL) eliminates SQL Injections. The template language prevents Cross Site Scripting vulnerabilities. The forms generated by web2py provide field validation and block Cross Site Request Forgeries. Passwords are always stored hashed. Sessions are stored server-side by default to prevent Cookie Tampering. Session cookies are UUID to prevent Session Hijacking.\r\n\r\nweb2py is built from the user perspective and is constantly being optimized internally to become faster and leaner, whilst always maintaining backwards compatibility.\r\n\r\nweb2py provides its users with the generous freedoms of the LGPL open source licence. If you benefit from it, I hope you will feel encouraged to pay it forward by contributing back to society in whatever form you choose.	65	22	0	0	t	2017-03-05 13:05:59.66773+01	2018-01-04 07:14:40.419913+01	39	1	1	f
98	Learn Ruby the Hard Way	learn-ruby-the-hard-way	https://learnrubythehardway.org/book/	resources/resources/lrthw.jpg	This simple book is meant to get you started in programming. The title says it's the hard way to learn to write code but it's actually not. It's only the "hard" way because it uses a technique called instruction. Instruction is where I tell you to do a sequence of controlled exercises designed to build a skill through repetition. This technique works very well with beginners who know nothing and need to acquire basic skills before they can understand more complex topics. It's used in everything from martial arts to music to even basic math and reading skills.\r\n\r\nThis book instructs you in Ruby by slowly building and establishing skills through techniques like practice and memorization, then applying them to increasingly difficult problems. By the end of the book you will have the tools needed to begin learning more complex programming topics. I like to tell people that my book gives you your "programming black belt." What this means is that you know the basics well enough to now start learning programming.\r\n\r\nIf you work hard, take your time, and build these skills, you will learn to code.	86	40	0	0	t	2017-03-05 16:49:29.633416+01	2018-01-13 16:59:17.762323+01	19	1	1	f
56	Bootstrap 3, el manual oficial - LibrosWeb	bootstrap-3-el-manual-oficial-librosweb	http://librosweb.es/libro/bootstrap_3/		Manual oficial de [Bootstrap 3](http://getbootstrap.com/) traducido al español por Javier Eguiluz en [LibrosWeb.es](http://librosweb.es(lobrosweb.es)	67	60	0	0	t	2017-03-02 09:16:58.899433+01	2018-01-20 12:37:34.212057+01	8	1	1	f
15	Smooth CoffeeScript — Interactive Edition	smooth-coffeescript-interactive-edition	http://autotelicum.github.io/Smooth-CoffeeScript/interactive/interactive-coffeescript.html	resources/resources/SmoothCoverInteractive.png	An introduction to programming in CoffeeScript with an emphasis on clarity and abstraction	59	23	0	0	t	2017-03-01 17:04:56.595462+01	2018-01-04 23:28:45.430977+01	24	1	1	f
111	Try Django 1.8 - codingforentrepreneurs	try-django-18-codingforentrepreneurs	https://www.codingforentrepreneurs.com/projects/try-django-18/	resources/resources/try_django_18_share.png	The Try Django series has been developed to indroduce Django to new developers. In this series, we explore the Django version 1.8 while building an MVP Landing Page just like what exists on [http://TryDjango.com/](http://TryDjango.com/)	80	41	0	0	t	2017-03-07 09:17:46.142561+01	2018-01-13 17:25:28.165503+01	3	1	2	f
121	Object-Oriented vs. Functional Programming	object-oriented-vs-functional-programming	http://www.oreilly.com/programming/free/object-oriented-vs-functional-programming.csp?intcmp=il-prog-free-product-lgen_oo_v_fp	resources/resources/Object-OrientedvsFunctionalProgramming.gif	The schism between the functional and object-oriented programmers is really a false binary. Yes, the first group argues that FP is superior for a multicore world, while the second insists that OOP is better at matching technical solutions to business problems. However, as this O’Reilly report explains, this is not an either-or proposition.\r\n\r\nTechnologist Richard Warburton, author of Java 8 Lambas, discusses similarities between these programming paradigms and points out that both FP and OOP are actually moving closer toward one another. One prominent example is the use of lambda expressions in Java and other OOP languages such as C#, C++, and Swift.\r\n\r\nBy following examples written in Java, you will:\r\n\r\n* Learn how lambdas (aka anonymous functions) make OOP languages better suited for dealing with parallelism and concurrency\r\n* Understand how SOLID—OOP’s five basic principles of programming—map to functional languages and paradigms\r\n* Explore some of the most common OOP design patterns—and how they exist in the functional world	125	31	0	0	t	2017-03-09 12:26:30.098457+01	2018-01-20 12:42:43.954022+01	37	1	1	t
35	SurviveJS - React	survivejs-react	https://survivejs.com/react/introduction/		**SurviveJS - React** shows you how to build a simple Kanban using React. The idea is that if you can build a simple application, you can probably build something more complex after that. The first application is always the hardest and that's where this book comes in.\r\n\r\nIn addition to fundamental React knowledge, you will pick up design techniques as...	73	39	0	0	t	2017-03-01 19:38:31.812048+01	2018-01-13 16:45:37.731014+01	26	1	1	f
34	SurviveJS - Webpack	survivejs-webpack	https://survivejs.com/webpack/introduction/		Webpack simplifies web development by solving a fundamental problem - the problem of bundling. It takes in various assets, such as JavaScript, CSS, and HTML, and then transforms these assets into a format that's easy to consume through a browser\r\n\r\nBy doing this well, it takes away significant amount of pain from web development.The purpose of this...	65	39	0	0	t	2017-03-01 19:34:03.520538+01	2018-01-20 14:08:54.348107+01	25	1	1	f
86	Think Stats	think-stats	http://greenteapress.com/thinkstats/	resources/resources/think_stats_comp.png	Think Stats is an introduction to Probability and Statistics for Python programmers.\r\n\r\n* Think Stats emphasizes simple techniques you can use to explore real data sets and answer interesting questions. The book presents a case study using data from the National Institutes of Health. Readers are encouraged to work on a project with real datasets.\r\n* If you have basic skills in Python, you can use them to learn concepts in probability and statistics. Think Stats is based on a Python library for probability distributions (PMFs and CDFs). Many of the exercises use short programs to run experiments and help readers develop understanding.\r\n* Most introductory books don't cover Bayesian statistics, but Think Stats is based on the idea that Bayesian methods are too important to postpone. By taking advantage of the PMF and CDF libraries, it is possible for beginners to learn the concepts and solve challenging problems. \r\n\r\nThis book is under the [Creative Commons Attribution-NonCommercial 3.0 Unported License](http://creativecommons.org/licenses/by-nc/3.0/), which means that you are free to copy, distribute, and modify it, as long as you attribute the work and don't use it for commercial purposes.	58	33	0	0	t	2017-03-05 15:58:46.993203+01	2018-01-13 20:45:50.895552+01	6	1	1	f
41	D3 Tips and Tricks v3.x	d3-tips-and-tricks-v3x	https://leanpub.com/D3-Tips-and-Tricks/read	resources/resources/d3_js.png	Over 600 pages of tips and tricks for using d3.js, one of the leading data visualization tools for the web. It's aimed at getting you started and moving you forward. Includes over 50 downloadable code examples. You can download for FREE or donate to encourage further development if you wish :-).	77	41	0	0	t	2017-03-01 22:08:55.246427+01	2018-01-13 16:58:32.400341+01	27	1	1	f
24	Understanding ECMAScript 6	understanding-ecmascript-6	https://leanpub.com/understandinges6/read/	resources/resources/Understanding_ECMAScript_6.png	The JavaScript core language features are defined in a standard called ECMA-262. The language defined in this standard is called ECMAScript. What you know as JavaScript in browsers and Node.js is actually a superset of ECMAScript. Browsers and Node.js add more functionality through additional objects and methods, but the core of the language remains as defined in ECMAScript. The ongoing development of ECMA-262 is vital to the success of JavaScript as a whole, and this book covers the changes brought about by the most recent major update to the language: ECMAScript 6.	52	36	0	0	t	2017-03-01 18:49:14.891352+01	2018-01-13 17:06:53.160414+01	7	1	1	f
107	Curso de Django - Jesus Conde	curso-de-django-jesus-conde	https://www.youtube.com/playlist?list=PLEtcGQaT56cg3A3r-TNoc-PyVeOuAMB4x	resources/resources/curso_django_jc.jpg	Vidiotutoriales de Jesus Conde en YouTube\r\n\r\n* Curso de Django. ¿Qué es y cómo instalarlo?\t\t\r\n* Curso de Django. Análisis de un Proyecto Django.\r\n* Curso de Django. Bases de Datos.\t\t\r\n* Curso de Django. Creación y uso de Modelos.\r\n* Curso de Django. Uso de la API Database.\t\t\r\n* Curso de Django. URLconf y Views\r\n* Curso de Django. Añadir datos a Views desde Base Datos.\t\t\r\n* Curso de Django. Views, Exceptions y Shortcuts.\r\n* Curso de Django. Uso de Templates.\t\t\r\n* Curso de Django. Crear segunda Template.\r\n* Curso de Django. Imports y herencias en templates.\t\t\r\n* Curso de Django. El sitio de administración de Django.\r\n* Curso de Django. Personalizar Panel de Administración.\t\t\r\n* Curso de Django. Uso de formularios.\r\n* Curso de Django. Persistir datos de formularios.\t\t\r\n* Curso de Django. Uso de ModelForm\r\n* Curso de Django. Crear página para editar preguntas.\t\t\r\n* Curso de Django. Personalizar estilos formulario.\r\n* Curso de Django. Crear Sistema de Login.\t\t\r\n* Curso de Django. Crear página de inicio.\r\n* Curso de Django. Restringir acceso a páginas.	83	36	0	0	t	2017-03-07 08:28:16.470662+01	2018-01-20 14:53:35.43469+01	3	1	2	f
50	Recipes with Angular.js	recipes-with-angularjs	https://leanpub.com/recipes-with-angular-js/read	resources/resources/Recipes_with_Angular.png	Angular.js is an open-source Javascript MVC (Model-View-Controller) framework developed by Google. It gives Javascript developers a highly structured approach to developing rich browser-based applications which, leads to very high productivity.\r\n\r\nIf you are using Angular.js, or considering it, this cookbook provides easy-to-follow recipes for issues you are likely to face. Each recipe solves a specific problem and provides a solution and in-depth discussion of it.	83	36	0	0	t	2017-03-01 22:41:05.467859+01	2018-01-20 09:10:27.40288+01	1	1	1	f
52	Mozilla  JavaScript Guide	mozilla-javascript-guide	https://developer.mozilla.org/en-US/docs/Web/JavaScript/Guide		The JavaScript Guide shows you how to use [JavaScript](https://developer.mozilla.org/en-US/docs/Web/JavaScript) and gives an overview of the language. If you need exhaustive information about a language feature, have a look at the [JavaScript reference](https://developer.mozilla.org/en-US/docs/Web/JavaScript/Reference).	79	50	0	0	t	2017-03-01 22:46:55.547558+01	2018-01-14 07:40:14.693626+01	7	1	1	f
44	A guide to the basics of jQuery	a-guide-to-the-basics-of-jquery	http://jqfundamentals.com/		jQuery Fundamentals is designed to get you comfortable working through common problems you'll be called upon to solve using jQuery. To get the most out of this site, you'll want to read the content and try the various interactive examples. Each chapter will cover a concept and give you a chance to try example code related to the concept.\r\n\r\nWe highly recommend using this site with the Chrome browser or another browser that supports modern JavaScript features and includes good developer tools.	59	40	0	0	t	2017-03-01 22:20:23.749503+01	2018-01-13 17:14:02.678648+01	15	1	1	f
31	Mastering Node	mastering-node	https://github.com/visionmedia/masteringnode/		Mastering node is an open source eBook by node hackers for node hackers. I started this as a side project and realized that I don't have time :) so go nuts, download it, build it, fork it, extend it and share it. If you come up with something you wish to contribute back, send me a pull request.	72	37	0	0	t	2017-03-01 19:20:55.140521+01	2018-01-13 16:44:22.744993+01	18	1	1	f
51	Speaking JavaScript	speaking-javascript	http://speakingjs.com/es5/	resources/resources/Speaking_JavaScript.jpg	This book has been written for programmers, by a programmer. In order to understand it, you should already know object-oriented programming, for example, via a mainstream programming language such as Java, PHP, C++, Python, Ruby, Objective-C, Swift, C#, or Perl.\r\n\r\nThus, the book’s target audience is programmers who want to learn JavaScript quickly and properly, and JavaScript programmers who want to deepen their skills and/or look up specific topics.\r\n\r\nSpeaking JavaScript has four parts:\r\n\r\n* **JavaScript Quick Start:** Learn a safe subset of JavaScript in less than 30 pages.\r\n* **Background:** When, why, and how was JavaScript created? How is it related to other programming languages? What were the important steps that got us to where we are today?\r\n* **JavaScript in Depth:** This part is more of a reference: look for a topic that you are interested in, jump in, and explore. I still tried to make it fun to read.\r\n* **Tips, Tools, and Libraries:** This part gives tips for using JavaScript: best practices, advanced techniques, and learning resources. It also describes a few important tools and libraries.	51	37	0	0	t	2017-03-01 22:44:31.384865+01	2018-01-13 16:52:53.296987+01	7	1	1	f
2	Hello Web App	hello-web-app	https://hellowebapp.com/tutorial/intro/	resources/resources/hello_web_app.png	**Learn how to code your first web app and get on the path to building your next side project, your lifestyle business, or your startup.**\r\n\r\nWritten by a designer and aimed at non-programmers, Hello Web App teaches the basics of web app programming using Python and Django. The tutorial uses down-to-earth, friendly, and jargon-free writing to walk you through choosing a project, setting up a database, creating your website, building features, and launching your app so you can start working with real customers and users.\r\n\r\nSimply the easiest way to get started building your own dynamic websites.\r\n\r\n**Table of Contents**\r\n\r\n* Chapter 1: What We’re Building\r\n* Chapter 2: Prerequisites\r\n* Chapter 3: Getting Started\r\n* Chapter 4: Setting Up Your Templates\r\n* Chapter 5: Fun With Template Tags\r\n* Chapter 6: Adding Dynamic Data\r\n* Chapter 7: Displaying Dynamic Information in the Templates\r\n* Chapter 8: Setting Up Individual Object Pages\r\n* Chapter 9: Forms.py Funsies\r\n* Chapter 10: Adding a Registration Page\r\n* Chapter 11: Setting Up Basic Browse Pages\r\n* Chapter 12: Quick Hits: 404 Pages, requirements.txt, and Testing\r\n* Chapter 13: Deploying Your Web App\r\n* Chapter 14: What To Do If Your App Is Broken\r\n* Chapter 15: Important Things to Know\r\n* Chapter 16: Moving Forward	51	40	0	0	t	2017-03-01 12:01:32.017797+01	2018-01-13 16:43:28.253253+01	3	1	1	f
57	Sass, el manual oficial - LibrosWeb	sass-el-manual-oficial-librosweb	http://librosweb.es/libro/sass/		Manual oficial de [Sass](http://sass-lang.com/) traducido al español por Javier Eguiluz en [LibrosWeb.es](http://librosweb.es(lobrosweb.es)	67	72	0	0	t	2017-03-02 09:21:02.239403+01	2018-01-20 11:41:35.23951+01	31	1	1	f
88	Welcome to Python for you and me	welcome-to-python-for-you-and-me	http://pymbook.readthedocs.io/en/latest/		This is a simple book to learn Python programming language, it is for the programmers who are new to Python.	58	38	0	0	t	2017-03-05 16:09:14.193193+01	2018-01-15 07:18:12.915983+01	6	1	1	f
62	Python para principiantes - LibrosWeb	python-para-principiantes-librosweb	http://librosweb.es/libro/python/		Libro Python de Eugenia Bahit en [LibrosWeb.es](http://librosweb.es(lobrosweb.es)	73	35	0	0	t	2017-03-02 17:06:42.765092+01	2018-01-13 17:22:18.017116+01	6	1	1	f
63	Pro Git 2nd ed. Edition	pro-git-2nd-ed-edition	https://git-scm.com/book/en/v2	resources/resources/progit2.png	The entire Pro Git book, written by Scott Chacon and Ben Straub and published by Apress, is available here. All content is licensed under the [Creative Commons Attribution Non Commercial Share Alike 3.0 license](https://creativecommons.org/licenses/by-nc-sa/3.0/).	81	52	0	0	t	2017-03-02 17:20:16.752682+01	2018-01-20 06:10:48.86112+01	11	1	1	f
60	Introducción a JavaScript - LibrosWeb	introduccion-a-javascript-librosweb	http://librosweb.es/libro/javascript/		Libro Introducción a JavaScript por Javier Eguiluz en [LibrosWeb.es](http://librosweb.es(lobrosweb.es)	73	33	0	0	t	2017-03-02 17:00:40.81837+01	2018-01-13 17:24:27.700676+01	7	1	1	f
114	Blog API with Django Rest Framework - codingforentrepreneurs	blog-api-with-django-rest-framework-codingforentrepreneurs	https://www.codingforentrepreneurs.com/projects/blog-api-django-rest-framework/	resources/resources/blog_api_cfe_share.png	Create a RESTful API service for the blog we created in Try Django 1.9 and Advancing the Blog.	104	29	0	0	t	2017-03-07 09:29:40.43721+01	2018-01-17 13:33:35.756161+01	3	1	2	f
123	Django Tutorials - Max Goodridge	django-tutorials-max-goodridge	https://www.youtube.com/playlist?list=PLw02n0FEB3E3VSHjyYMcFadtQORvl1Ssj	resources/resources/hqdefault.jpg	Serie de 62 videos de Django [Max Goodridge](https://www.youtube.com/user/Max204204204) en Youtube	90	44	0	0	t	2017-05-11 11:45:30.386903+02	2018-01-20 09:18:43.370533+01	3	1	3	f
58	Introducción a XHTML - LibrosWeb	introduccion-a-xhtml-librosweb	http://librosweb.es/libro/xhtml/		Libro de XHTML por Javier Eguiluz en [LibrosWeb.es](http://librosweb.es(lobrosweb.es)	69	55	0	0	t	2017-03-02 09:23:09.479067+01	2018-01-15 12:55:05.693593+01	14	1	1	f
59	Introducción a CSS - LibrosWeb	introduccion-a-css-librosweb	http://librosweb.es/libro/css/		Libro de CSS por Javier Eguiluz en [LibrosWeb.es](http://librosweb.es(lobrosweb.es)	57	52	0	0	t	2017-03-02 16:58:41.911437+01	2018-01-17 14:30:10.823187+01	9	1	1	f
69	Flask Mega-Tutorial - Miguel Grinberg	flask-mega-tutorial-miguel-grinberg	https://blog.miguelgrinberg.com/post/the-flask-mega-tutorial-part-i-hello-world		The application I'm going to develop as part of this tutorial is a decently featured microblogging server that I decided to call microblog. Pretty creative, I know.\r\n\r\nThese are some of the topics I will cover as we make progress with this project:\r\n\r\n* User management, including managing logins, sessions, user roles, profiles and user avatars.\r\n* Database management, including migration handling.\r\n* Web form support, including field validation.\r\n* Pagination of long lists of items.\r\n* Full text search.\r\n* Email notifications to users.\r\n* HTML templates.\r\n* Support for multiple languages.\r\n* Caching and other performance optimizations.\r\n* Debugging techniques for development and production servers.\r\n* Installation on a production server.\r\n\r\nSo as you see, I'm going pretty much for the whole thing. I hope this application, when finished, will serve as a sort of template for writing other web applications.	106	84	0	0	t	2017-03-03 11:19:18.16026+01	2018-01-13 17:23:02.526016+01	33	1	1	f
18	HTML5 Data Visualization	html5-data-visualization	https://www.packtpub.com/packt/free-ebook/html5-data-visualization-cookbook	resources/resources/HTML5_Data_Visualization.jpg	Get a complete grounding in the exciting visual world of Canvas and HTML5 using this recipe-packed cookbook. Learn to create charts and graphs, draw complex shapes, add interactivity, work with Google maps, and much more.\r\n\r\n* Build common charts through step-by-step recipes\r\n* Add interactivity to Canvas elements and create your own JavaScript animation engine\r\n* Discover many fantastic charting solutions and learn how to deal with their capabilities and how to change them as well\r\n* Learn how to work with Google Maps, Google Charts, and Google Docs API	59	36	0	0	t	2017-03-01 17:17:00.293011+01	2018-01-13 17:02:18.18744+01	14	1	1	f
113	Try Django 1.10 - codingforentrepreneurs	try-django-110-codingforentrepreneurs	https://www.codingforentrepreneurs.com/projects/try-django-110/	resources/resources/try_django_110_share.png	Create a URL shortening service in Try Django 1.10 which is an introduction to Django version 1.10. This series covers a variety of Django basics as well as Django 1.10 specific material.	108	35	0	0	t	2017-03-07 09:23:39.716936+01	2018-01-15 02:54:04.715739+01	3	1	2	f
64	Django Getting started (Official)	django-getting-started-official	https://docs.djangoproject.com/en/dev/intro/		New to Django? Or to Web development in general? Well, you came to the right place: read this material to quickly get up and running.\r\n\r\nOfficial Django Tutorial.	63	38	0	0	t	2017-03-02 17:25:03.607506+01	2018-01-13 17:15:17.847036+01	3	1	1	f
33	JavaScript For Cats	javascript-for-cats	http://jsforcats.com/	resources/resources/substack-cats.png	**An introduction for new programmers**\r\n\r\n**So easy your human companion could do it too!**\r\n\r\nJavaScript is a programming language or, in other words, a means by which a computer is instructed to do things. Just the same as one controls humans with hisses and meows, one controls computers with statements written in a programming language. All web browsers understand JavaScript and you can take advantage of that to make web pages do crazy things!\r\n\r\nJavaScript started as a way to make web pages more interactive. Nowadays JavaScript runs in more places than just web browsers — it runs on web servers, phones and even robots! This page will teach you some JavaScript basics so that you can get up and running in no time*.\r\n\r\n* Actual time: more than none. Probably an hour or two. Also since you are a cat you are less likely to run and more likely to lay around in the sun	55	37	0	0	t	2017-03-01 19:26:25.781582+01	2018-01-13 16:53:37.934156+01	7	1	1	f
1	Mozilla Complete Django Development Guide | MDN	mozilla-complete-django-development-guide-mdn	https://developer.mozilla.org/en-US/docs/Learn/Server-side/Django		Django is an extremely popular and fully featured server-side web framework, written in Python. The module shows you why Django is one of the most popular web server frameworks, how to set up a development environment, and how to get started with using it to create your own web applications.\r\n\r\n## Prerequisites\r\n\r\nBefore starting this module you don't need to have any knowledge of Django. You will need to understand what server-side web programming and web frameworks are, ideally by reading the topics in our Server-side website programming first steps module.\r\n\r\nA general knowledge of programming concepts and Python is recommended, but not essential to understanding the core concepts.	55	27	0	0	t	2017-03-01 11:59:39.716257+01	2018-01-04 09:55:19.476135+01	3	1	1	f
115	Python Django Tutorials - mikesdjangotutorials	python-django-tutorials-mikesdjangotutorials	https://www.mikesdjangotutorials.co.uk/series/free-python-django-tutorials/		This is whole 11+ hours of FREE tutorials to get you started learning to develop Django web apps\r\n\r\n**Python Django tutorial 1 installing easy_install, virtualenv & django**\r\n\r\nThis first tutorial takes you through installing easy_install, virtualenv & django to get you started in developing with python on the web\r\n\r\n**Python Django Tutorial 2 new 1.7+ migrations**\r\n\r\nCovers setting your database and then using manage.py to integrate data models for use in your websites\r\n\r\n**Python Django tutorial 3 views, simple urls and basic templates**\r\n\r\nThis tutorial covers the concept of views and urls and shows simple examples of how to implement them.\r\n\r\n**Python Django tutorial 4a How to Set the home or default page**\r\n\r\nHow to set your default/main/home page when you start your new project!\r\n\r\n**Python Django tutorial 4b advanced views and urls**\r\n\r\nThis tutorial covers how to package you urls with you apps and include into your project as well as passing values in your urls through to your views and ending up in your template pages\r\n\r\n**Python Django tutorial 5 - The built in Admin interface**\r\n\r\nThis tutorial covers setting up and using the django admin to easily edit and control your sites content and data\r\n\r\n**Python Django tutorial 6 - Django Template language**\r\n\r\nThis tutorial covers the basics of displaying variable and using looping and flow control. Also included is template inheritance and content blocks.\r\n\r\n**Python Django tutorial 7 - static files**\r\n\r\nThis tutorial covers configuring settings.py to server static files such as images, css & javascript and how to use the 'static' template tag to prepend the your sites url and static files url to any static file reference in your templates\r\n\r\n**Python Django tutorial 8 - cookies and sessions**\r\n\r\nthis tutorial gives you the basics of setting and getting values from a cookie or session variable and show how they can be passed in urls and template variables\r\n\r\n**Python Django tutorial 9 - users login and logout**\r\n\r\nThis tutorial takes you through setting up and defining how a user can login and log out using the built in Django auth modules\r\n\r\n**Python Django tutorial 10 - user registration basics**\r\n\r\nThis tutorial builds on the last user authentication tutorial to show how users can register themselves in the Django user management system.\r\n\r\n**Python Django tutorial 11 - Extending the registration form**\r\n\r\nThis tutorial takes the registration page a step forward in complexity and demonstrates how to add new fields to the form\r\n\r\n**Python Django tutorial 12 - Creating forms for database models**\r\n\r\nThis tutorial shows how to connect web forms to your database models for easy use in your web apps\r\n\r\n**Python Django tutorial 13 - updating database records**\r\n\r\nThis tutorial now features sound! sorry to anyone who already viewed this and found no sound!\r\nWhat you'll learn\r\n\r\n* This covers how to update database records using the urls, view and models frameworks\r\n\r\n\r\n**Python Django tutorial 14 - file uploading and updating database schema**\r\n\r\nThis tutorial mainly covers how to upload files using the framework but also briefly shows how to export data and update you database schema\r\n\r\n**Python Django tutorial 15 - Ajax search feature**\r\n\r\nThis tutorial covers the basics of including javascript files into you pages and using jquery to pass ajax requests to a restful endpoint made with django\r\n\r\n**Python Django tutorial 16 - Web services with TastyPie !**\r\n\r\nThis covers the basics of installing and using the TastyPie python module with Django to provide a basic searchable web service which return either JSON or XML\r\n\r\n**Python Django tutorial 17 database migrations and updating schema using south**\r\n\r\nThis tutorial covers the basics of using South to manage changes in your database schema and data while working with the Django framework\r\n\r\n**Python Django tutorial 18 - Logging**\r\n\r\nThis tutorial shows how to setup and use logging to help make debugging local or remote applications easy!\r\n\r\n**Python Django tutorial 19 - Using the Form Wizard**\r\n\r\nThis tutorial shows you how to use the Forms Wizard to collect information from the user over multiple pages\r\n\r\n**Python Django tutorial 20 - Extending the User model with a user profile**\r\n\r\nThis tutorial shows how to extend the User model with a user profile model making it easy to extend the user information past the default set of fields\r\n\r\n**Python Django Tutorial 21 - Full text search with haystack and whoosh**\r\n\r\nThis tutorial covers how to setup and use haystack with the whoosh backend to implement text search on your django based website\r\n\r\n**Python Django Tutorial 22 - Sending messages to the user**\r\n\r\nThis tutorial covers how to use the built in messages system to send feedback to the user after an action is trigger via the web\r\n\r\n**Python Django Tutorial 23 - filtering data by user and sending notifications**\r\n\r\nThis tutorial covers filtering data from models so that only the associated user can see it. In addition this covers how to implement a internal notification system.\r\n\r\n**Python Django Tutorial 24 - Reusing apps and using twitter bootstrap**\r\n\r\nThis tutorial shows how to re-use modules you've already created and also how to style you sites using twitter bootstrap for easy cross platform website compatibility\r\n\r\n**Python Django Tutorial 25 - Custom user model and email authentication**\r\n\r\nThis tutorial covers how to customise the default user model to use email instead of a username	151	37	0	0	t	2017-03-07 10:47:07.953042+01	2018-01-15 11:18:51.793865+01	3	1	2	t
49	Node: Up and Running	node-up-and-running	http://chimera.labs.oreilly.com/books/1234000001808/index.html	resources/resources/Node_Up_and_Running.gif	This book introduces you to Node, the new web development framework written in JavaScript. You'll learn hands-on how Node makes life easier for experienced JavaScript developers: not only can you work on the front end and back end in the same language, you'll also have more flexibility in choosing how to divide application logic between client and server.\r\n\r\nWritten by a core contributor to the framework, Node: Up and Running shows you how Node scales up to support large numbers of simultaneous connections across multiple servers, and scales down to let you create quick one-off applications with minimal infrastructure. Built on the V8 JavaScript engine that runs Google Chrome, Node is already winning the hearts and minds of many companies, including Google and Yahoo! This book shows you why.\r\n\r\n* Understand Node's event-loop architecture, non-blocking I/O, and event-driven programming\r\n* Discover how Node supports a variety of database and data storage tools\r\n* Learn best practices for writing easy-to-maintain code for Node\r\n* Get concrete examples of how to use the various Node APIs in practice\r\n* Take advantage of the book’s complete API reference	62	72	0	0	t	2017-03-01 22:37:47.214929+01	2018-01-19 12:36:21.224574+01	18	1	1	f
70	Flask Workshop - Miguel Grinberg - PyCon 2015	flask-workshop-miguel-grinberg-pycon-2015	https://www.youtube.com/watch?v=DIcpEg77gdE		Flask is a web framework for Python based on Werkzeug, Jinja 2 and good intentions. It is considered a micro-framework, but don't get the ""micro"" part fool you; Flask can do everything others can do, many times in a simpler, leaner way. In this tutorial session we will build a web application together. Bring your laptop and your questions!\r\n\r\nSlides can be found at: [https://speakerdeck.com/pycon2015](https://speakerdeck.com/pycon2015) and [https://github.com/PyCon/2015-slides](https://github.com/PyCon/2015-slides)"	77	18	0	0	t	2017-03-03 11:28:44.861786+01	2018-01-04 09:52:29.18845+01	33	1	2	f
61	Fundamentos de jQuery - LibrosWeb	fundamentos-de-jquery-librosweb	http://librosweb.es/libro/fundamentos_jquery/		Libro de jQuery de Rebecca Murphey traducido por Leandro D'Onofrio en [LibrosWeb.es](http://librosweb.es(lobrosweb.es)	65	55	0	0	t	2017-03-02 17:04:02.299987+01	2018-01-13 17:13:33.027094+01	15	1	1	f
4	C# Yellow Book	c-yellow-book	http://www.csharpcourse.com/	resources/resources/csharp_yellow_book.png	The C# Yellow Book is used by the Department of Computer Science in the University of Hull as the basis of their First Year programming course.	55	40	0	0	t	2017-03-01 12:03:53.171045+01	2018-01-13 16:44:08.047429+01	2	1	1	f
67	The Little Go Book	the-little-go-book	http://openmymind.net/The-Little-Go-Book/	resources/resources/TheLittleGoBook.png	The Little Go Book is a free introduction to Google's Go programming language. It's aimed at developers who might not be quite comfortable with the idea of pointers and static typing. It's longer than the other Little books, but hopefully still captures that little feeling.	64	55	0	0	t	2017-03-02 19:49:10.793427+01	2018-01-20 19:44:34.073317+01	32	1	1	f
90	Problem Solving with Algorithms and Data Structures using Python	problem-solving-with-algorithms-and-data-structures-using-python	http://interactivepython.org/runestone/static/pythonds/index.html	resources/resources/PythonDScover.jpg	**Objectives**\r\n\r\n* To review the ideas of computer science, programming, and problem-solving.\r\n* To understand abstraction and the role it plays in the problem-solving process.\r\n* To understand and implement the notion of an abstract data type.\r\n* To review the Python programming language.	40	21	0	0	t	2017-03-05 16:17:23.924427+01	2018-01-10 18:03:57.528999+01	6	1	1	f
108	Probar Django 1.9 - Karlita	probar-django-19-karlita	https://www.youtube.com/playlist?list=PLUAh0xzkWmoudbGvyUzTTUcPhOPgqVhhd	resources/resources/probar_django_1_9.jpg	Curso de Django 1.9 de Karlita en YouTube\r\n\r\n* Recorrido Visual de Probar Django 1.9 (un resumen del curso)\r\n* Probar Django 1.9 - 1 de 33 - Bienvenida y virtualenv\r\n* Probar Django 1.9 - 2 de 33 - Instalar Django en Virtualenv\r\n* Probar Django 1.9 - 3 de 33 - Empezar Proyecto Nuevo + Ejecutar Servidor (web)\r\n* Probar Django 1.9 - 4 de 33 - Primera Migración\r\n* Probar Django 1.9 - 5 de 33 - Crear un Superusuario + Introducción a la Interfaz Administrativa\r\n* Probar Django 1.9 - 6 de 33 - Editor de Texto Sublime Text y Primera Aplicación\r\n* Probar Django 1.9 - 7 de 33 - Primer Modelo\r\n* Probar Django 1.9 - 8 de 33 - Registrar Modelo en Admin.py\r\n* Probar Django 1.9 - 9 de 33 - Modelo en la Interfaz Administrativa\r\n* Probar Django 1.9 - 10 de 33 - Primera Vista + Configuración de URL\r\n* Probar Django 1.9 - 11 de 33 - Templates (plantillas)\r\n* Probar Django 1.9 - 12 de 33 - Django Forms I (crear un formulario en forms.py)\r\n* Probar Django 1.9 - 13 de 33 - Django Forms II (forms en una vista)\r\n* Probar Django 1.9 - 14 de 33 - Forms III (render forms en templates, method & action)\r\n* Probar Django 1.9 - 15 de 33 - Django Forms IV (forms en una vista con validaciones)\r\n* Probar Django 1.9 - 16 de 33 - Django Forms V (forms en una vista con validaciones)\r\n* Probar Django 1.9 - 17 de 33 - Model Forms I\r\n* Probar Django 1.9 - 18 de 33 - Model Forms II (model form en admin)\r\n* Probar Django 1.9 - 19 de 33 - Model Forms III (validaciones personalizadas 1)\r\n* Probar Django 1.9 - 20 de 33 - Model Forms IV (validaciones personalizadas)\r\n* Probar Django 1.9 - 21 de 33 - Model Forms V (validaciones personalizadas 3)\r\n* Probar Django 1.9 - 22 de 33 - Contexto en Vistas y Plantillas (templates)\r\n* Probar Django 1.9 - 23 de 33 - Model Form en una Vista\r\n* Probar Django 1.9 - 24 de 33 - Contexto en las Vistas (view context, string substitution)\r\n* Probar Django 1.9 - 25 de 33 - Template Inheritance (herencias con plantillas)\r\n* Probar Django 1.9 - 26 de 33 - Template Inheritance & Blocks (bloques de contenido)\r\n* Probar Django 1.9 - 27 de 33 - Configuración de URL para Templates I\r\n* Probar Django 1.9 - 28 de 33 - Configuración de URL para Templates II\r\n* Probar Django 1.9 - 29 de 33 - Desarrollo vs. Producción (lanzar tu proyecto)\r\n* Probar Django 1.9 - 30 de 33 - Static Files I (archivos estáticos)\r\n* Probar Django 1.9 - 31 de 33 - Static Files II (archivos estáticos)\r\n* Probar Django 1.9 - 32 de 33 - Static Files III (subir archivos)\r\n* Probar Django 1.9 - 33 de 33 - QuerySets (querying la base de datos)	88	38	0	0	t	2017-03-07 08:41:59.987467+01	2018-01-16 14:36:05.742704+01	3	1	2	f
66	Go Bootcamp	go-bootcamp	http://www.golangbootcamp.com/	resources/resources/GoBootcamp.png	**Go Bootcamp**\r\n\r\nEverything you need to know to get started with Go.\r\n\r\n**Matt Aimonetti**	68	39	0	0	t	2017-03-02 19:37:13.841489+01	2018-01-13 16:42:33.341604+01	32	1	1	f
26	What You Need to Know about JavaScript	what-you-need-to-know-about-javascript	https://www.packtpub.com/packt/free-ebook/what-you-need-know-about-javascript2	resources/resources/What_You_Need_to_Know_about_JavaScript.jpg	Discover everything a beginner needs to know about the world of JavaScript with this free eBook. From the absolute basics of JS syntax to combining ECMAScript 6 and Visual Studio Code this primer is the perfect resource for a JavaScript Master-in-the-Making!\r\n\r\n## What You Will Learn\r\n\r\n* Learn to write JavaScript code from scratch\r\n* Understand the syntax and parts that make up every JS app in existence\r\n* Build your first ever complete JS application\r\n* Discover how to test your apps for bugs and more\r\n* Broaden your horizons and get the perfect starting platform to JS development	51	26	0	0	t	2017-03-01 18:53:21.136017+01	2018-01-20 01:49:34.872412+01	7	1	1	f
68	Webapps in Go the anti textbook	webapps-in-go-the-anti-textbook	https://github.com/thewhitetulip/web-dev-golang-anti-textbook	resources/resources/WebappsinGo.jpg	This is an easy to understand example based tutorial aimed at those who know a little of Go and nothing of webdev and want to learn how to write a webserver in Go. You will create a to do list application as you advance the chapters.\r\n\r\nPlease use the `front end` folder in the `code` folder to get the index.html of the Tasks project and work on it while reading this tutorial.	66	42	0	0	t	2017-03-02 20:20:34.853582+01	2018-01-20 04:01:05.754001+01	32	1	1	f
97	Learn Python the Hard Way	learn-python-the-hard-way	https://learnpythonthehardway.org/book/	resources/resources/lpthw.jpg	This simple book is meant to get you started in programming. The title says it's the hard way to learn to write code but it's actually not. It's only the "hard" way because it uses a technique called instruction. Instruction is where I tell you to do a sequence of controlled exercises designed to build a skill through repetition. This technique works very well with beginners who know nothing and need to acquire basic skills before they can understand more complex topics. It's used in everything from martial arts to music to even basic math and reading skills.\r\n\r\nThis book instructs you in Python by slowly building and establishing skills through techniques like practice and memorization, then applying them to increasingly difficult problems. By the end of the book you will have the tools needed to begin learning more complex programming topics. I like to tell people that my book gives you your "programming black belt." What this means is that you know the basics well enough to now start learning programming.\r\n\r\nIf you work hard, take your time, and build these skills, you will learn to code.	76	38	0	0	t	2017-03-05 16:46:09.736978+01	2018-01-13 17:04:18.114933+01	6	1	1	f
91	Natural Language Processing with Python	natural-language-processing-with-python	http://www.nltk.org/book/	resources/resources/NaturalLanguageProcessingwithPython.gif	This is a book about Natural Language Processing. By "natural language" we mean a language that is used for everyday communication by humans; languages like English, Hindi or Portuguese. In contrast to artificial languages such as programming languages and mathematical notations, natural languages have evolved as they pass from generation to generation, and are hard to pin down with explicit rules. We will take Natural Language Processing — or NLP for short — in a wide sense to cover any kind of computer manipulation of natural language. At one extreme, it could be as simple as counting word frequencies to compare different writing styles. At the other extreme, NLP involves "understanding" complete human utterances, at least to the extent of being able to give useful responses to them.\r\n\r\nTechnologies based on NLP are becoming increasingly widespread. For example, phones and handheld computers support predictive text and handwriting recognition; web search engines give access to information locked up in unstructured text; machine translation allows us to retrieve texts written in Chinese and read them in Spanish; text analysis enables us to detect sentiment in tweets and blogs. By providing more natural human-machine interfaces, and more sophisticated access to stored information, language processing has come to play a central role in the multilingual information society.\r\n\r\nThis book provides a highly accessible introduction to the field of NLP. It can be used for individual study or as the textbook for a course on natural language processing or computational linguistics, or as a supplement to courses in artificial intelligence, text mining, or corpus linguistics. The book is intensely practical, containing hundreds of fully-worked examples and graded exercises.\r\n\r\nThe book is based on the Python programming language together with an open source library called the Natural Language Toolkit (NLTK). NLTK includes extensive software, data, and documentation, all freely downloadable from http://nltk.org/. Distributions are provided for Windows, Macintosh and Unix platforms. We strongly encourage you to download Python and NLTK, and try out the examples and exercises along the way.	54	21	0	0	t	2017-03-05 16:19:38.271095+01	2018-01-04 22:53:37.191159+01	6	1	1	f
21	AngularJS Essentials	angularjs-essentials	https://www.packtpub.com/packt/free-ebook/angularjs-essentials	resources/resources/AngularJS_Essentials.jpg	Discover the best practices of the AngularJS framework and its most important concepts such as AngularJS directives, expressions, filters, and modules. This free eBook guides you through the steps of building your very own web application with AngularJS. \r\n\r\n* Create reusable components with directives\r\n* Explore filters to manipulate and transform data\r\n* Discover more about the two-way data binding mechanism\r\n* Automate your project's workflow and learn everything you need to know about unit testing with AngularJS	65	43	0	0	t	2017-03-01 17:30:07.688654+01	2018-01-13 16:54:32.652206+01	1	1	1	f
122	Aprende Vue2 y Firebase paso a paso	aprende-vue2-y-firebase-paso-a-paso	http://wmedia.teachable.com/p/aprende-vue2-y-firebase-paso-a-paso	resources/resources/vue-fire.png	JavaScript es un lenguaje con el que es fácil comenzar pero difícil de dominar. Los dos lo sabemos.\r\n\r\nQuieres **ir más alla de jQuery y del spaghetti code** pero hay demasiadas opciones, demasiadas herramientas. No sabes por dónde comenzar.\r\n\r\nHa llegado el momento de que tomes cartas en el asunto, **de una vez por todas**.\r\n\r\n[Vue.js](https://vuejs.org/) es un framework moderno, elegante, versátil y minimalista que te permitirá **estructurar tus proyectos** de forma modular, siguiendo las mejores prácticas.\r\n\r\n[Google Firebase](https://firebase.google.com/) es un completo sistema de herramientas que añade características avanzadas e **interactividad en tiempo real** a tu proyecto de forma sencilla.\r\n\r\nHe diseñado el curso para que tanto si eres un novato como un desarrollador experimentado, puedas extraer valor.\r\n\r\n* **100% gratuito. En serio.**\r\n* Más de 30 vídeos explicativos "paso a paso".\r\n* Práctica final donde poner todo lo aprendido en acción.\r\n* Ejercicios y código fuente alojado en GitHub.\r\n\r\nDicho esto, para poder aprovechar al 100% el contenido, debes tener un conocimiento esencial de [HTML/CSS](https://www.youtube.com/watch?v=TBEQ8WuAUYY&list=PLM-Y_YQmMEqCae2LNXpk7S6zCjiZQ3252) y [JavaScript](https://www.youtube.com/watch?v=FFPGrnr82oE&list=PLM-Y_YQmMEqAedHjvY3_v7EfGfFCHXYHv).	112	53	0	0	t	2017-03-31 22:11:02.005759+02	2018-01-20 00:07:48.876405+01	35	1	2	t
85	Explore Flask - Robert Picard	explore-flask-robert-picard	https://exploreflask.com/en/latest/		Explore Flask is a book about best practices and patterns for developing web applications with [Flask](http://flask.pocoo.org/). The book was funded by 426 backers [on Kickstarter](https://www.kickstarter.com/projects/1223051718/practical-flask-book-project) in July 2013.\r\n\r\nI finally released the book, after spending almost a year working on it. Almost immediately I was tired of managing distribution and limiting the book’s audience by putting it behind a paywall. I didn’t write a book to run a business, I wrote it to put some helpful content out there and help grow the Flask community.\r\n\r\nIn June of 2014, soon after finishing the book, I reformatted it for the web and released it here for free. No payment or donation or anything required. Just enjoy!	74	40	0	0	t	2017-03-05 13:08:54.795899+01	2018-01-13 17:07:32.697922+01	33	1	1	f
93	Tutorial Flask - Official	tutorial-flask-official	http://flask.pocoo.org/docs/tutorial/		You want to develop an application with Python and Flask? Here you have the chance to learn by example. In this tutorial, we will create a simple microblogging application. It only supports one user that can create text-only entries and there are no feeds or comments, but it still features everything you need to get started. We will use Flask and SQLite as a database (which comes out of the box with Python) so there is nothing else you need.	51	39	0	0	t	2017-03-05 16:25:07.219182+01	2018-01-13 17:00:12.46517+01	33	1	1	f
100	The Vast World of Vue.js 0.12 - Laracasts	the-vast-world-of-vuejs-012-laracasts	https://laracasts.com/series/learning-vuejs		Vue.js is the best JavaScript framework that you've likely never heard of. We've already covered React here at Laracasts, so let's move on to something else - something far more simple, many might say. Intrigued?	101	40	0	0	t	2017-03-06 16:23:25.42322+01	2018-01-07 18:04:46.033347+01	35	1	2	f
8	TaskBuster Django Tutorial	taskbuster-django-tutorial	http://www.marinamele.com/taskbuster-django-tutorial	resources/resources/django_tutorial_pet-296x300.jpg	I am really excited to present this **Django tutorial**, made with **Django 1.8** and **Python 3**.\r\n\r\nIn this tutorial, I will show you how to **create a Django Project from scratch**.\r\n\r\nI will focus in a simple Task manager project, but the idea is that you can follow this tutorial while building your own project.\r\n\r\nSpecially during the first posts. And you will be able to download a Django Project Boilerplate too! 🙂\r\n\r\nHowever, **this is not a common Django tutorial**.\r\n\r\n**It is much better:** it is like a **check list to create a complex Django project**.\r\n\r\nYou will learn about security issues, different environments for developing and testing, version control repositories, deployment on Heroku, PostgreSQL configuration, and many more things!\r\n\r\nMoreover, while building the TaskBuster project, I’ll try to cover as many Django **Best Practices** as I can.\r\n\r\nEnjoy, and learn as much as you can! 🙂	72	40	0	0	t	2017-03-01 15:53:12.685573+01	2018-01-13 17:06:37.744297+01	3	1	1	f
71	Curso Básico de Gimp - frMoisesfr	curso-basico-de-gimp-frmoisesfr	https://www.youtube.com/playlist?list=PLug2BNqcHKuKXzAI8ypuFO7wlGLNVov3p		Este es un curso básico de Gimp, empezando desde cero. Y recorriendo aspectos básicos como son las capas, la interfaz del programa, filtros, canales, etc. Todo ello lo iré enfocando desde una gran cantidad de prácticas guiadas que además sean útiles para vuestro trabajo diario.	99	33	0	0	t	2017-03-03 23:11:37.055844+01	2018-01-13 17:15:07.746269+01	34	1	2	f
47	Javascript Challenges	javascript-challenges	https://github.com/tcorral/javascript-challenges-book		This book will challenge you to learn and understand the most obscure and tricky parts of Javascript.\r\n\r\nIn order to perform the best that you can I recommend you not to cheat taking a look at solutions before you suggest one.\r\n\r\nThis book can be used as a learning resource for Javascript training if you want, but please send a tweet recommending us to other people.\r\n\r\nI hope you enjoy this book because this is the purpose of this book.	58	34	0	0	t	2017-03-01 22:29:34.978568+01	2018-01-13 16:56:12.49037+01	7	1	1	f
101	Learn Vue 2: Step By Step - Laracasts	learn-vue-2-step-by-step-laracasts	https://laracasts.com/series/learn-vue-2-step-by-step		Vue is easily one of the most exciting additions to the front-end world in many years. With its intuitive API, and the fact that it can be applied to any type of application, it's no wonder why folks have gravitated to it as much as they have.\r\n\r\nIf you'd like to jump on board, let me show you, step by step, exactly what you need to know. It's the best way to learn Vue!	106	37	0	0	t	2017-03-06 16:24:37.127773+01	2018-01-16 20:36:17.45183+01	35	1	2	f
94	Dive Into Python 3	dive-into-python-3	http://www.diveintopython3.net/	resources/resources/diveintopython3.jpg	Dive Into Python 3 covers Python 3 and its differences from Python 2. Compared to [Dive Into Python](http://diveintopython.net/), it’s about 20% revised and 80% new material. The book is now complete, but [feedback is always welcome](http://www.diveintopython3.net/about.html).	56	38	0	0	t	2017-03-05 16:29:46.483984+01	2018-01-13 16:50:23.122758+01	6	1	1	f
72	High Performance Python (from Training at EuroPython 2011) Release 0.2	high-performance-python-from-training-at-europython-2011-release-02	http://ianozsvald.com/HighPerformancePythonfromTrainingatEuroPython2011_v0.2.pdf		I ran a 4 hour tutorial on High Performance Python at EuroPython 2011. I’d like to see the training go to more people\r\nso I’ve written this guide. This is based on the official tutorial with some additions, I’m happy to accept updates.\r\nThe slides for tutorial are linked on the front page of this document.\r\nIf you’d like some background on programming for parallelised CPUs then the Economist has a nice overview article\r\nentitled “Parallel Bars” (June 2nd 2011): [http://www.economist.com/node/18750706](http://www.economist.com/node/18750706).  It doesn’t mention CUDA and\r\nOpenCL but the comment thread has some useful discussion. GvR gets a name-check in the article.\r\nI’ll also give myself a quick plug - I run an Artificial Intelligence consultancy (http://MorConsulting.com) and rather\r\nenjoy training with Python.\r\nI’d like to note that this report is a summary of work over many weeks preparing for EuroPython.  I didn’t perform\r\nstatistically valid tests, I did however run the timings many times and can vouch for their stability.  The goal isn’t to\r\nsuggest that there is “one best way” to do things - I’m showing you several journeys that takes different routes to faster\r\nexecution times for this problem.\r\nIf you’re curious to see how the stock CPython interpreter compares to other languages like C and JavaScript then see\r\nthis benchmark: [http://shootout.alioth.debian.org/u32/which-programming-languages-are-fastest.php](http://shootout.alioth.debian.org/u32/which-programming-languages-are-fastest.php) - you’ll note that\r\nit does rather poorly (up to 100* slower than C!). It also compares poorly against JavaScript V8 which is dynamically\r\ntyped and interpreted - much like CPython.  Playing with comparisons against the JavaScript V8 examples got me\r\nstarted on this tutorial.\r\nTo see how CPython, PyPy, ShedSkin, IronPython and Jython compare to other languages (including C and V8) see\r\nthis benchmark: [http://attractivechaos.github.com/plb/](http://attractivechaos.github.com/plb/) - as shown we can make Python run to 2-6* slower than C with\r\nlittle effort, and the gap with C is shrinking all the time.  The flipside of course is that developing with Python is far\r\nfaster than developing with C!\r\n\r\n**License**\r\n\r\n* Creative Commons By Attribution\r\n(and if you meet me and like this report, I’d happily accept a beer)* Link to: http://ianozsvald.com/2011/07/24/high-performance-python-tutorial-v0-2-from-europython-2011\r\n\r\n**Author Web Site**\r\n\r\n[http://ianozsvald.com/](http://ianozsvald.com/)	33	18	0	0	t	2017-03-05 11:43:24.766707+01	2018-01-15 06:13:55.057852+01	6	1	1	f
103	Vue.js Fundamentals - DevMarketer	vuejs-fundamentals-devmarketer	https://www.youtube.com/playlist?list=PLwAKR305CRO_1yAao-8aZiQnBqJeyng4O	resources/resources/fundamentals_vuejs.jpg	Learn Vue.js 2.0 with this tutorial series. The series starts off with the basics and how to get started with Vue.js and then moving into more advanced functionality. Then we will make a full project using Vue.js and finally make a larger project where we tie Vue into the backend of a larger framework like Laravel.	98	42	0	0	t	2017-03-06 16:34:38.082409+01	2018-01-17 11:46:50.620543+01	35	1	2	f
120	Modern Java EE Design Patterns	modern-java-ee-design-patterns	http://www.oreilly.com/programming/free/modern-java-ee-design-patterns.csp	resources/resources/ModernJavaEEDesignPatterns.gif	With the ascent of DevOps, microservices, containers, and cloud-based development platforms, the gap between state-of-the-art solutions and the technology that enterprises typically support has greatly increased. But as Markus Eisele explains in this O’Reilly report, some enterprises are now looking to bridge that gap by building microservice-based architectures on top of Java EE.\r\n\r\nCan it be done? Is it even a good idea? Eisele thoroughly explores the possibility and provides savvy advice for enterprises that want to move ahead. The issue is complex: Java EE wasn’t built with the distributed application approach in mind, but rather as one monolithic server runtime or cluster hosting many different applications. If you’re part of an enterprise development team investigating the use of microservices with Java EE, this book will help you:\r\n\r\n* Understand the challenges of starting a greenfield development vs tearing apart an existing brownfield application into services\r\n* Examine your business domain to see if microservices would be a good fit\r\n* Explore best practices for automation, high availability, data separation, and performance\r\n* Align your development teams around business capabilities and responsibilities\r\n* Inspect design patterns such as aggregator, proxy, pipeline, or shared resources to model service interactions	158	44	0	0	t	2017-03-09 12:23:25.135763+01	2018-01-20 07:14:53.24622+01	37	1	1	t
96	Picking a Python Version: A Manifesto	picking-a-python-version-a-manifesto	http://www.oreilly.com/programming/free/from-future-import-python.csp	resources/resources/Picking_Python_Version_Manifesto.gif	This report guides you through the implicit decision tree of choosing what Python version, implementation, and distribution is best suited for you. It weighs and discusses the merits of each of these choices, and briefly discusses the reasons each option exists.	62	35	0	0	t	2017-03-05 16:39:25.1081+01	2018-01-13 17:25:42.647875+01	6	1	1	f
43	JavaScript Allongé	javascript-allonge	https://leanpub.com/javascriptallongesix/read	resources/resources/JavaScript_Allonge.jpg	JavaScript Allongé is a first and foremost, a book about programming with functions. It’s written in JavaScript, because JavaScript hits the perfect sweet spot of being both widely used, and of having proper first-class functions with lexical scope. If those terms seem unfamiliar, don’t worry: JavaScript Allongé takes great delight in explaining what they mean and why they matter.\r\n\r\nJavaScript Allongé begins at the beginning, with values and expressions, and builds from there to discuss types, identity, functions, closures, scopes, collections, iterators, and many more subjects up to working with classes and instances.\r\n\r\nIt also provides recipes for using functions to write software that is simpler, cleaner, and less complicated than alternative approaches that are object-centric or code-centric. JavaScript idioms like function combinators and decorators leverage JavaScript’s power to make code easier to read, modify, debug and refactor.\r\n\r\nJavaScript Allongé teaches you how to handle complex code, and it also teaches you how to simplify code without dumbing it down. As a result, JavaScript Allongé is a rich read releasing many of JavaScript’s subtleties, much like the Café Allongé beloved by coffee enthusiasts everywhere.	55	134	0	0	t	2017-03-01 22:18:08.531518+01	2018-01-20 10:19:54.812304+01	7	1	1	f
28	The Little Book on CoffeeScript	the-little-book-on-coffeescript	http://arcturo.github.io/library/coffeescript/index.html	resources/resources/The_Little_Book_on_CoffeeScript.gif	This concise book shows JavaScript developers how to build superb web applications with CoffeeScript, the remarkable language that’s gaining considerable interest. Through example code, this guide demonstrates how CoffeeScript abstracts JavaScript, providing syntactical sugar and preventing many common errors. You’ll learn CoffeeScript’s syntax and idioms step by step, from basic variables and functions to complex comprehensions and classes.\r\n\r\nWritten by Alex MacCaw, author of JavaScript Web Applications (O’Reilly), with contributions from CoffeeScript creator Jeremy Ashkenas, this book quickly teaches you best practices for using this language—not just on the client side, but for server-side applications as well. It’s time to take a ride with the little language that could.\r\n\r\n* Discover how CoffeeScript’s syntax differs from JavaScript\r\n* Learn about features such as array comprehensions, destructuring assignments, and classes\r\n* Explore CoffeeScript idioms and compare them to their JavaScript counterparts\r\n* Compile CoffeeScript files in static sites with the Cake build system\r\n* Use CommonJS modules to structure and deploy CoffeeScript client-side applications\r\n* Examine JavaScript’s bad parts—including features CoffeeScript was able to fix	59	41	0	0	t	2017-03-01 18:58:12.842176+01	2018-01-13 17:14:12.592178+01	24	1	1	f
81	Django Design Patterns - agiliq	django-design-patterns-agiliq	http://agiliq.com/books/djangodesignpatterns/		This is a collection of patterns which we have found occurring commonly with Django. All of these either make collaboration easier, coding simpler or code more maintainable. None of them are design patterns in the sense of GoF design patterns. We call them design patterns as none other seem closer or more convenient.\r\n\r\nThese are guidelines, which need to be overridden (very commonly, in some cases). Use your judgement when using them. As PEP8 says, “Foolish consistency is the hobgoblin of small minds.”	51	39	0	0	t	2017-03-05 12:49:39.822524+01	2018-01-15 11:36:59.949635+01	3	1	1	f
104	Getting up and Running with the Vue.js 2.0 Framework	getting-up-and-running-with-the-vuejs-20-framework	https://www.sitepoint.com/up-and-running-vue-js-2-0/		Vue.js 2.0 sports excellent performance stats, a relatively small payload (the bundled runtime version of Vue weighs in at 16kb once minified and gzipped), along with updates to companion libraries like vue-router and vuex, the state management library for Vue. There’s far too much to cover in just one article, but keep an eye out for a later article where we’ll look more closely at some of the libraries that couple nicely with the core framework.	86	24	0	0	t	2017-03-06 16:38:18.753755+01	2018-01-04 09:52:41.4505+01	35	1	1	f
110	Aprender Class Based Views de Django - Karlita	aprender-class-based-views-de-django-karlita	https://www.youtube.com/playlist?list=PLUAh0xzkWmot5sk5hQ1miMIVZlFd9OTbN	resources/resources/karlita_django_cbv.jpg	Aprender Class Based Views de Django 1.10 de Karlita en YouTube\r\n\r\n* Bienvenidos\r\n* Introducción\r\n* Template View\r\n* Template View (subclass & overrides)\r\n* Detail View\r\n* List View\r\n* Create View\r\n* Update View\r\n* Delete View\r\n* Staff Member Required Mixin	84	21	0	0	t	2017-03-07 08:59:57.493586+01	2018-01-17 11:47:09.013793+01	3	1	2	f
112	Try Django 1.9 - codingforentrepreneurs	try-django-19-codingforentrepreneurs	https://www.codingforentrepreneurs.com/projects/try-django-19/	resources/resources/try_django_19_share.png	Try Django 1.9 is an introduction to Django version 1.9 by creating a simple, yet robust, Django blog. This series covers a variety of Django basics as well as Django 1.9 specific material.	94	40	0	0	t	2017-03-07 09:20:28.866871+01	2018-01-13 17:25:12.773834+01	3	1	2	f
82	Djen of django’s	djen-of-djangos	http://agiliq.com/books/djenofdjango/		A Django book for people with intermediate level Django skills.\r\n\r\nInspired by James Bennett's Practical Django projects.	69	36	0	0	t	2017-03-05 12:53:36.051549+01	2018-01-13 16:45:27.882686+01	3	1	1	f
36	AngularJS Directives in Traction	angularjs-directives-in-traction	https://codef0rmer.gitbooks.io/angularjs-directives-in-traction-the-book/		AngularJS is a super-heroic JavaScript Framework that makes writing single page applications a breeze. It allows you to expand HTML vocabulary by creating custom tags with a help of directive definition object. AngularJS bundled with a set of directives like ngRepeat, ngModel, ngView which make it really easy to build an application but many a times the existing directives fell short considering the need and complexity you are dealing with. And you face the problem head-on when it comes to build directives from ground ups. This book teaches you to extend AngularJS by writing custom directives and motivates to understand the purpose of testing by facilitating Test Driven Development through out the book.\r\n\r\n**AngularJS Directives in Traction** helps you understand how built-in directives work and teaches you to build custom directives on your own. Ultimately, Angular Directives will be the magic revealed for you.	57	39	0	0	t	2017-03-01 19:40:19.028212+01	2018-01-13 17:17:52.96786+01	1	1	1	f
105	Laravel 5.4 From Scratch - Laracasts	laravel-54-from-scratch-laracasts	https://laracasts.com/series/laravel-from-scratch-2017		Each year, the Laracasts "Laravel From Scratch" series is refreshed to reflect the latest iteration of the framework. This is the 2017 edition, which uses version 5.4 of the framework.\r\n\r\nAre you hoping to level up your toolset? You've come to the right place. This series will take you from installing Laravel, all the way up to mastering the essentials of the framework.	284	57	0	0	t	2017-03-06 16:40:10.476459+01	2018-01-15 16:39:16.630438+01	36	1	2	f
118	Java: The Legend	java-the-legend	http://www.oreilly.com/programming/free/java-the-legend.csp?intcmp=il-prog-free-product-lgen_java_legend	resources/resources/JavaTheLegend.gif	The road from Java's first public alpha of 1.0 to today has been long—and full of technical advances, innovative solutions, and interesting complications. Along the way, Java has flourished and is now one of the world's most important and widely-used programming environments.\r\n\r\nBenjamin Evans, the Java editor for InfoQ and author of Java in a Nutshell, 6th edition, takes us on a journey through time:\r\n\r\n* How Java has benefitted from early design decisions, including "Write Once, Run Anywhere" and an insistence on backward compatibility\r\n* The impact of open source\r\n* The enormous success and continued importance of the Java Virtual Machine and platform\r\n* The rise of Enterprise Java\r\n* The evolution of the Java developer community and ecosystem\r\n* Java's continuing influence on new programming languages\r\n* Java's greatest triumphs and most heroic failures\r\n* The future of Java, including Java 9, Project Panama, Project Valhalla, and the Internet of Things	121	43	0	0	t	2017-03-09 12:17:56.337983+01	2018-01-16 21:31:11.219275+01	37	1	1	t
117	Adobe Photoshop Learn - Official	adobe-photoshop-learn-official	https://helpx.adobe.com/photoshop/user-guide.html		**Beginner's Guide:** Learn the basics and start your first project.\r\n\r\n**User Guide:** Get quick answers and step-by-step instructions.\r\n\r\n**Tutorials:** Find tutorials from novice to expert to help you expand your skills.	105	48	0	0	t	2017-03-08 16:41:00.497101+01	2018-01-13 22:23:07.254974+01	43	1	1	f
46	Programming JavaScript Applications	programming-javascript-applications	http://chimera.labs.oreilly.com/books/1234000000262	resources/resources/Programming_JavaScript_Applications.jpg	Take advantage of JavaScript’s power to build robust web-scale or enterprise applications that are easy to extend and maintain. By applying the design patterns outlined in this practical book, experienced JavaScript developers will learn how to write flexible and resilient code that’s easier—yes, easier—to work with as your code base grows.\r\n\r\nJavaScript may be the most essential web programming language, but in the real world, JavaScript applications often break when you make changes. With this book, author Eric Elliott shows you how to add client- and server-side features to a large JavaScript application without negatively affecting the rest of your code.\r\n\r\n* Examine the anatomy of a large-scale JavaScript application\r\n* Build modern web apps with the capabilities of desktop applications\r\n* Learn best practices for code organization, modularity, and reuse\r\n* Separate your application into different layers of responsibility\r\n* Build efficient, self-describing hypermedia APIs with Node.js\r\n* Test, integrate, and deploy software updates in rapid cycles\r\n* Control resource access with user authentication and authorization\r\n* Expand your application’s reach through internationalization	60	33	0	0	t	2017-03-01 22:26:29.787133+01	2018-01-13 17:22:37.873509+01	7	1	1	f
79	Think DSP	think-dsp	http://greenteapress.com/wp/think-dsp/	resources/resources/think_dsp_cover.jpg	Think DSP is an introduction to Digital Signal Processing in Python.\r\n\r\nThe premise of this book (and the other books in the Think X series) is that if you know how to program, you can use that skill to learn other things. I am writing this book because I think the conventional approach to digital signal processing is backward: most books (and the classes that use them) present the material bottom-up, starting with mathematical abstractions like phasors.\r\n\r\nWith a programming-based approach, I can go top-down, which means I can present the most important ideas right away. By the end of the first chapter, you can decompose a sound into its harmonics, modify the harmonics, and generate new sounds.\r\n\r\nThink DSP is a Free Book. It is available under the [Creative Commons Attribution-NonCommercial 3.0 Unported License](http://creativecommons.org/licenses/by-nc/3.0/), which means that you are free to copy, distribute, and modify it, as long as you attribute the work and don’t use it for commercial purposes.	57	33	0	0	t	2017-03-05 12:40:38.721736+01	2018-01-13 16:41:52.59874+01	6	1	1	f
55	Design Patterns - Explained simply	design-patterns-explained-simply	https://sourcemaking.com/design_patterns	resources/resources/DesignPatterns-cover.png	In software engineering, a design pattern is a general repeatable solution to a commonly occurring problem in software design. A design pattern isn't a finished design that can be transformed directly into code. It is a description or template for how to solve a problem that can be used in many different situations. \r\n\r\n## Uses of Design Patterns\r\n\r\nDesign patterns can speed up the development process by providing tested, proven development paradigms. Effective software design requires considering issues that may not become visible until later in the implementation. Reusing design patterns helps to prevent subtle issues that can cause major problems and improves code readability for coders and architects familiar with the patterns.\r\n\r\nOften, people only understand how to apply certain software design techniques to certain problems. These techniques are difficult to apply to a broader range of problems. Design patterns provide general solutions, documented in a format that doesn't require specifics tied to a particular problem.\r\n\r\nIn addition, patterns allow developers to communicate using well-known, well understood names for software interactions. Common design patterns can be improved over time, making them more robust than ad-hoc designs.	57	40	0	0	t	2017-03-02 09:02:16.094705+01	2018-01-13 17:16:17.927997+01	29	1	1	f
116	GIMP User Manual - (Official)	gimp-user-manual-official	https://www.gimp.org/docs/		The user manual for the GIMP 2.8 release is available in 17 languages:	123	86	0	0	t	2017-03-08 16:10:02.578313+01	2018-01-13 17:05:07.556204+01	34	1	1	f
9	Eloquent JavaScript 2nd Edition	eloquent-javascript-2nd-edition	http://eloquentjavascript.net/	resources/resources/Eloquent_JavaScript.png	JavaScript lies at the heart of almost every modern web application, from social apps to the newest browser-based games. Though simple for beginners to pick up and play with, JavaScript is a flexible, complex language that you can use to build full-scale applications.\r\n\r\nEloquent JavaScript, 2nd Edition dives deep into the JavaScript language to show you how to write beautiful, effective code. Author Marijn Haverbeke immerses you in example code from the start, while exercises and full-chapter projects give you hands-on experience with writing your own programs. As you build projects such as an artificial life simulation, a simple programming language, and a paint program, you'll learn:\r\n\r\n* The essential elements of programming, including syntax, control, and data\r\n* How to organize and clarify your code with object-oriented and functional programming techniques\r\n* How to script the browser and make basic web applications\r\n* How to use the DOM effectively to interact with browsers\r\n* How to harness Node.js to build servers and utilities\r\n\r\nThis edition is thoroughly revised and modernized to reflect the current state of JavaScript and web browsers, with brand-new material, such as a chapter on code performance in JavaÂ­Script, and expanded coverage of recursion and closures. All source code is available online in an interactive sandbox, where you can edit the code, run it, and see its output instantly.\r\n\r\nIsn't it time you became fluent in the language of the Web?	55	38	0	0	t	2017-03-01 16:29:01.211657+01	2018-01-13 17:14:43.236065+01	7	1	1	f
40	Dive Into HTML5	dive-into-html5	http://diveintohtml5.info/index.html	resources/resources/Dive_Into_HTML5.jpg	ive Into HTML5 elaborates on a hand-picked selection of features from the [HTML5](http://www.whatwg.org/html5) specification and other fine standards. We encourage you to [buy the printed work](http://www.amazon.com/HTML5-Up-Running-Mark-Pilgrim/dp/0596806027) — Mark Pilgrim’s artfully titled “HTML5: Up & Running” — published on paper by O’Reilly, under the Google Press imprint. Your kind and sincere [feedback is always welcome](http://diveintohtml5.info/about.html), and this work shall remain online under the [CC-BY-3.0 license](http://creativecommons.org/licenses/by/3.0/).\r\n\r\nThis particular edition of Dive Into HTML5 is advanced by the [diveintomark team](http://github.com/diveintomark?tab=members). We work hard to add and update content, links, APIs, and actively maintain this fine resource; refreshing and reflecting the relevant and current state of HTML5, just as Mark Pilgrim did during his tenure. We attribute this work in the manner specified by Mark, and we make modifications to the site's content. We do not in any way suggest that he endorses us or our use of his work. We hope you do.	63	40	0	0	t	2017-03-01 21:59:32.891546+01	2018-01-13 16:46:07.633519+01	14	1	1	f
10	JavaScript Enlightenment	javascript-enlightenment	http://www.javascriptenlightenment.com/	resources/resources/JavaScript_Enlightenment.jpg	If you’re an advanced beginner or intermediate JavaScript developer, JavaScript Enlightenment will solidify your understanding of the language—especially if you use a JavaScript library. In this concise book, JavaScript expert Cody Lindley (jQuery Cookbook) provides an accurate view of the language by examining its objects and supporting nuances.\r\n\r\nLibraries and frameworks help you build web applications quickly and efficiently, but when things go wrong or performance becomes an issue, knowing how and why they work is critical. If you’re ready to go under the hood and get your hands dirty with JavaScript internals, this is your book.\r\n\r\n* Get a short and digestible summary of ECMA-262, Edition 3, backed by real code you can run instantly\r\n* Examine the creation of JavaScript objects\r\n* Learn complex values, primitive values, scope, and inheritance\r\n* Understand the importance of the head object\r\n* Work with string, number, and Boolean objects and values\r\n* Discover how to use the null value and the built-in math object\r\n* Get into the details—beyond Mozilla’s reference guide for JavaScript 1.5	56	37	0	0	t	2017-03-01 16:37:00.910191+01	2018-01-13 17:02:08.251186+01	7	1	1	f
75	Programming Computer Vision with Python	programming-computer-vision-with-python	http://programmingcomputervision.com/	resources/resources/PCVPython.gif	If you want a basic understanding of computer vision’s underlying theory and algorithms, this hands-on introduction is the ideal place to start. You’ll learn techniques for object recognition, 3D reconstruction, stereo imaging, augmented reality, and other computer vision applications as you follow clear examples written in Python.\r\n\r\nProgramming Computer Vision with Python explains computer vision in broad terms that won’t bog you down in theory. You get complete code samples with explanations on how to reproduce and build upon each example, along with exercises to help you apply what you’ve learned. This book is ideal for students, researchers, and enthusiasts with basic programming and standard mathematical skills.\r\n\r\n* Learn techniques used in robot navigation, medical image analysis, and other computer vision applications\r\n* Work with image mappings and transforms, such as texture warping and panorama creation\r\n* Compute 3D reconstructions from several images of the same scene\r\n* Organize images based on similarity or content, using clustering methods\r\n* Build efficient image retrieval techniques to search for images based on visual content\r\n* Use algorithms to classify image content and recognize objects\r\n* Access the popular OpenCV library through a Python interface	50	20	0	0	t	2017-03-05 12:01:22.594042+01	2018-01-13 19:11:18.215958+01	6	1	1	f
119	Microservices for Java Developers	microservices-for-java-developers	http://www.oreilly.com/programming/free/microservices-for-java-developers.csp	resources/resources/MicroservicesforJavaDevelopers.gif	Is microservice architecture right for your organization? These services have many benefits, but they also come with their own set of drawbacks. In this hands-on, example-driven guide, Java developers and architects will learn how to navigate popular application frameworks, such as Dropwizard and Spring Boot, and how to deploy and manage microservices at scale with Linux containers.\r\n\r\nAdopting microservices requires much more than changes to your technology. Author Christian Posta—a Principal Middleware Specialist/Architect at Red Hat—also examines the organizational agility necessary to deliver these services. This concise book shows you how rapid feedback cycles, autonomous teams, and shared purpose are key to making microservices work.\r\n\r\n* Understand why microservices require you to think differently about building, deploying, and operating cloud-native applications\r\n* Dive into the popular Spring Boot, Dropwizard, and WildFly Swarm frameworks for designing microservices\r\n* Use Docker and Kubernetes to deploy microservices, regardless of language\r\n* Learn cluster management, failover, and load-balancing techniques for running microservices at scale*	135	52	0	0	t	2017-03-09 12:20:31.246409+01	2018-01-20 11:05:44.57859+01	37	1	1	t
42	Exploring ES6	exploring-es6	http://exploringjs.com/es6/	resources/resources/Exploring_ES6.jpg	You are reading a book about ECMAScript 6 (ES6), a new version of JavaScript. It’s great that we can finally use that version, which had a long and eventful past: It was first conceived as ECMAScript 4, a successor to ECMAScript 3 (whose release was in December 1999). In July 2008, plans changed and the next versions of JavaScript were to be first a small incremental release (which became ES5) and then a larger, more powerful release. The latter had the code name Harmony and part of it became ES6.\r\n\r\nECMAScript 5 was standardized in December 2009. I first heard and blogged about ECMAScript 6 in January 2011, when it was still called Harmony. The original plan was to finish ES6 in 2013, but things took longer and it was standardized in June 2015. (A more detailed account of ES6’s history is given in the next chapter.)\r\n\r\nWith a few minor exceptions, I am happy how ECMAScript 6 turned out. This book describes my experiences with, and my research of, its features. Similarly to ES6, it took a long time to finish – in a way, I started writing it in early 2011. Like my previous book “Speaking JavaScript”, I wrote most of it as a series of blog posts. I like the discussion and feedback that this open process enables, which is why this book is available for free online.\r\n\r\nThis book can be read online for free. If you find it useful, please support it by buying a copy. You’ll get DRM-free PDF, EPUB, MOBI files.\r\n\r\nI hope that reading the book conveys some of the fun I had investigating and playing with ES6.\r\n\r\nAxel Rauschmayer	49	37	0	0	t	2017-03-01 22:12:44.292797+01	2018-01-13 16:43:48.086497+01	7	1	1	f
54	HTML Canvas Deep Dive	html-canvas-deep-dive	http://joshondesign.com/p/books/canvasdeepdive/toc.html		Canvas is a 2D drawing API recently added to HTML and supported by most browsers (even Internet Explorer 9 beta). Canvas allows you to draw anything you want directly in the web browser without the use of plugins like Flash or Java. With its deceptively simple API, Canvas can revolutionize how we build web applications for all devices, not just desktops.	63	38	0	0	t	2017-03-01 22:51:48.365119+01	2018-01-13 16:55:53.223547+01	14	1	1	f
30	Learning JavaScript Design Patterns	learning-javascript-design-patterns	https://addyosmani.com/resources/essentialjsdesignpatterns/book/	resources/resources/Learning_JavaScript_Design_Patterns.jpg	**Preface**\r\n\r\nDesign patterns are reusable solutions to commonly occurring problems in software design. They are both exciting and a fascinating topic to explore in any programming language.\r\n\r\nOne reason for this is that they help us build upon the combined experience of many developers that came before us and ensure we structure our code in an optimized way, meeting the needs of problems we're attempting to solve.\r\n\r\nDesign patterns also provide us a common vocabulary to describe solutions. This can be significantly simpler than describing syntax and semantics when we're attempting to convey a way of structuring a solution in code form to others.\r\n\r\nIn this book we will explore applying both classical and modern design patterns to the JavaScript programming language.\r\n\r\n## Target Audience\r\n\r\nThis book is targeted at professional developers wishing to improve their knowledge of design patterns and how they can be applied to the JavaScript programming language.\r\n\r\nSome of the concepts covered (closures, prototypal inheritance) will assume a level of basic prior knowledge and understanding. If you find yourself needing to read further about these topics, a list of suggested titles is provided for convenience.\r\n\r\nIf you would like to learn how to write beautiful, structured and organized code, I believe this is the book for you.	53	34	0	0	t	2017-03-01 19:06:23.407725+01	2018-01-13 17:24:42.987629+01	7	1	1	f
48	Developing Backbone.js Applications	developing-backbonejs-applications	https://addyosmani.com/backbone-fundamentals/	resources/resources/Developing_Backbone.js_Applications.jpg	If you want to build your site’s frontend with the single-page application (SPA) model, this hands-on book shows you how to get the job done with Backbone.js. You’ll learn how to create structured JavaScript applications, using Backbone’s own flavor of model-view-controller (MVC) architecture.\r\n\r\nStart with the basics of MVC, SPA, and Backbone, then get your hands dirty building sample applications—a simple Todo list app, a RESTful book library app, and a modular app with Backbone and RequireJS. Author Addy Osmani, an engineer for Google’s Chrome team, also demonstrates advanced uses of the framework.\r\n\r\n* Learn how Backbone.js brings MVC benefits to the client-side\r\n* Write code that can be easily read, structured, and extended\r\n* Work with the Backbone.Marionette and Thorax extension frameworks\r\n* Solve common problems you’ll encounter when using Backbone.js\r\n* Organize your code into modules with AMD and RequireJS\r\n* Paginate data for your Collections with the Backbone.Paginator plugin\r\n* Bootstrap a new Backbone.js application with boilerplate code\r\n* Use Backbone with jQuery Mobile and resolve routing problems between the two\r\n* Unit-test your Backbone apps with Jasmine, QUnit, and SinonJS	67	43	0	0	t	2017-03-01 22:33:26.773122+01	2018-01-13 17:22:02.483431+01	28	1	1	f
14	MongoDB Instant Starter	mongodb-instant-starter	https://www.packtpub.com/packt/free-ebook/mongoDB-starter-guide	resources/resources/MongoDB_Instant_Starter.jpg	This free MongoDB eBook is designed to get you working with MongoDB as quickly as possible. Starting with installation and setup, we quickly show you how to start importing your data into the database. Learn about CRUD operations in MongoDB, its Map Reduce support, schema design, performance tuning operations, and more.\r\n\r\n* Discover various query operators that can be put to use to write powerful queries\r\n* Insert, update, and delete data in the collections\r\n* Discover schema design concepts and basic query level performance tuning\r\n* Utilize MapReduce support in MongoDB	67	40	0	0	t	2017-03-01 16:56:49.949183+01	2018-01-13 17:00:02.551854+01	22	1	1	f
65	An Introduction to Programming in Go	an-introduction-to-programming-in-go	http://www.golang-book.com/books/intro	resources/resources/AnIntroductiontoProgramminginGo.png	Computer programming is the art, craft and science of writing programs which define how computers operate. This book will teach you how to write computer programs using a programming language designed by Google named Go.\r\n\r\nGo is a general purpose programming language with advanced features and a clean syntax. Because of its wide availability on a variety of platforms, its robust well-documented common library, and its focus on good software engineering principles, Go is an ideal language to learn as your first programming language.\r\n\r\nThe process we use to write software using Go (and most programming languages) is fairly straightforward:\r\n\r\n* Gather requirements\r\n* Find a solution\r\n* Write source code to implement the solution\r\n* Compile the source code into an executable\r\n* Run and test the program to make sure it works\r\n\r\nThis process is iterative (meaning its done many times) and the steps usually overlap. But before we write our first program in Go there are a few prerequisite concepts we need to understand.	68	67	0	0	t	2017-03-02 19:10:34.975631+01	2018-01-13 17:26:58.311534+01	32	1	1	f
102	An Introduction into Vue.js: Building an Example App	an-introduction-into-vuejs-building-an-example-app	https://www.youtube.com/watch?v=Oqs3Iuid8-8		Today we're going to go over Vue.js\r\n\r\nThis presentation was recorded during a Lunch and Learn in our offices.\r\n\r\nVue.js is a JavaScript framework that aims to compete with the likes of Angular, Polymer, React, Ember and Riot (among others).\r\n\r\nIf you liked this overview feel free to download the repository and play with what was built. Project is driven by Laravel 5.1 and uses gulp + browserify to manage the JavaScript dependencies.\r\n\r\nRepository: [https://bitbucket.org/alex_sterling/vue.js-demonstration](https://bitbucket.org/alex_sterling/vue.js-demonstration)\r\n\r\nBig thanks to Jeffrey Way at Laracasts for his series on Vue.js. It was enlightening and helped spur on this experiment.	103	96	0	0	t	2017-03-06 16:28:46.443869+01	2018-01-20 01:04:01.837001+01	35	1	2	f
53	Bootstrap - Responsive Web Development	bootstrap-responsive-web-development	https://github.com/whyisjake/bootstrap	resources/resources/Bootstrap-Responsive_Web_Development.png	Discover how easy it is to design killer interfaces and responsive websites with the Bootstrap framework. This practical book gets you started building pages with Bootstrap’s HTML/CSS-based tools and design templates right away. You’ll also learn how to extend your app with interactive features, using its suite of jQuery plugins—often without writing a single line of code.\r\n\r\nDeveloped by Twitter and available free from GitHub, Bootstrap supports responsive design by dynamically adjusting your web page layout. With just a basic knowledge of HTML, CSS, and JavaScript, you can build apps that work equally well on desktop screens, smartphones, and tablets. This book shows you how.\r\n\r\n* Become familiar with Bootstrap’s file structure, grid systems, and container layouts\r\n* Learn HTML elements for typography, code, tables, forms, buttons, images, and icons\r\n* Design interfaces and other web elements, such as navigation, breadcrumbs, and custom modal windows\r\n* Use jQuery plugins for features such as revolving slideshows, tabbable interfaces, and dropdown menus\r\n* Modify everything from column count to typography colors with the LESS stylesheet language	63	36	0	0	t	2017-03-01 22:50:15.228867+01	2018-01-13 17:27:08.201144+01	8	1	1	f
32	JavaScript Garden	javascript-garden	https://github.com/BonsaiDen/JavaScript-Garden		JavaScript Garden is a growing collection of documentation about the most quirky parts of the JavaScript programming language. It gives advice to avoid common mistakes and subtle bugs, as well as performance issues and bad practices, that non-expert JavaScript programmers may encounter on their endeavours into the depths of the language.\r\n\r\nJavaScript Garden does not aim to teach you JavaScript. Former knowledge of the language is strongly recommended in order to understand the topics covered in this guide. In order to learn the basics of the language, please head over to the excellent [guide](https://developer.mozilla.org/en-US/docs/Web/JavaScript/Guide) on the Mozilla Developer Network.	61	35	0	0	t	2017-03-01 19:23:41.491015+01	2018-01-13 16:49:13.156622+01	7	1	1	f
5	Test-Driven Development with Python	test-driven-development-with-python	http://chimera.labs.oreilly.com/books/1234000000754	resources/resources/final_cover.jpg	Test-Driven Development with Python focuses on web development, with some coverage of JavaScript (inescapable for any web programmer). This book uses a concrete example—the development of a website, from scratch—to teach the TDD metholology, and how it applies to web programming, from the basics of database integration and javascript, going via browser-automation tools like Selenium, to advanced (and trendy) topics like NoSQL, websockets and Async programming.	55	40	0	0	t	2017-03-01 12:06:25.325469+01	2018-01-13 17:23:27.968365+01	3	1	1	f
38	Book on Building Front-End Web Apps with Plain JavaScript	book-on-building-front-end-web-apps-with-plain-javascript	http://web-engineering.info/JsFrontendApp-Book	resources/resources/Book_on_Building_Front-End_.png	This book shows how to build front-end web applications with plain JavaScript, not using any (third-party) framework or library. A front-end web application can be provided by any web server, but it is executed on the user's computer device (smartphone, tablet or notebook), and not on the remote web server. Typically, but not necessarily, a front-end web application is a single-user application, which is not shared with other users.\r\n\r\nThe focus of the book are general information management concepts and techniques concerning\r\n\r\n* Integrity constraints and data validation,\r\n* Enumerations and enumeration attributes\r\n* Unidirectional and bidirectional associations between object types,\r\n* Subtyping and inheritance in class hierarchies.\r\n\r\nThe book can be used both by\r\n\r\n\r\n* Experienced software developers coming from classical object-oriented (OO) programming (with C++/Java/C# etc.) and by\r\n* JavaScript developers.\r\n\r\nThe first group of people may use the book for learning JavaScript. For both groups the book shows how to implement basic OO concepts with plain JavaScript (such as enumerations, associations and class hierarchies) and how to build complete front-end web apps with plain JavaScript, without submitting to the special opinions imposed by frameworks such as jQuery and others.\r\n\r\nThe book comes with the complete JavaScript code of six example apps (with 8658 lines of code) that you can directly run from our web server. It is an open question if the book happens to come with more lines of code than lines of text...	33	20	0	0	t	2017-03-01 19:48:45.004196+01	2018-01-04 09:50:25.52327+01	7	1	1	f
87	Supporting Python 3	supporting-python-3	http://python3porting.com/	resources/resources/supportingpython3.jpeg	**Supporting Python 3** doesn’t have to be daunting. This book guides you through the process of adding Python 3 support, from choosing a strategy to solving your distribution issues. Using plenty of code examples, it guides you across the hurdles and shows you the new Python features.\r\n\r\n**2016-10-23: The first release of the community version!**\r\n\r\nAfter almost a year of delay, the community version of the book is finally here! The book has been renamed to “Supporting Python 3” to signal both that something happened to the book, and to signal that it’s no longer a question of porting.\r\n\r\nAnother change is that this site will be rebuilt on a nightly basis, so it’s always the latest version. I have also retired the paper version completely. If you want to sponsor a print run of the paper book, contact me! They make good giveaways for Python conferences!	52	37	0	0	t	2017-03-05 16:07:06.509395+01	2018-01-13 16:53:07.812298+01	6	1	1	f
125	Django tutorial	django-tutorial	https://overiq.com/django/1.10/intro-to-django		A project based and updated tutorial for [Django beginners](https://overiq.com/django/1.10/intro-to-django)	47	34	0	0	t	2017-09-18 21:11:43.253558+02	2018-01-16 18:40:46.920872+01	3	2	4	f
3	Mastering Django: Core	mastering-django-core	http://djangobook.com/	resources/resources/Mastering_Django_Core.jpg	Want a book on the Django web framework that doesn't leave anything out?\r\n\r\nOne you know comes from an authoritative source that you can trust to give you the good stuff?\r\n\r\nWell how about a book that was originally created by the creators of Django!\r\n\r\nYep, that's right - the original Django Book was written by none other than Adrian Holovaty and Jacob Kaplan-Moss - the seriously cool dudes who created Django.\r\n\r\nOf course, the original book got a bit outdated and Jacob and Adrian moved on to bigger and better things, so the book has been in desperate need of an update for about 6 years.\r\n\r\nMastering Django: Core is that update - rewritten from the ground up to support the newest long term support (LTS) version of Django (Version 1.8 if you were wondering).\r\n\r\nMastering Django: Core delivers absolutely everything you will ever need to know to become a master Django programmer:\r\n\r\n* Detailed installation instructions for Python and Django to get you up and running fast.\r\n* Starts at an absolute beginners level and builds your skills to mastery\r\n* Written in an easy, conversational style. Jargon and new concepts are introduced in plain language to increase your understanding quickly.\r\n* Answers all of the most common questions asked by new Django programmers.\r\n* Leaves nothing out - every part of the Django core is covered.\r\n* Covers the long-term support version of Django which means your skills will be up to date for many years.	53	40	0	0	t	2017-03-01 12:02:35.142997+01	2018-01-13 16:56:02.637931+01	3	1	1	f
89	Google's Python Class	googles-python-class	https://developers.google.com/edu/python/		Welcome to Google's Python Class -- this is a free class for people with a little bit of programming experience who want to learn Python. The class includes written materials, lecture videos, and lots of code exercises to practice Python coding. These materials are used within Google to introduce Python to people who have just a little programming experience. The first exercises work on basic Python concepts like strings and lists, building up to the later exercises which are full programs dealing with text files, processes, and http connections. The class is geared for people who have a little bit of programming experience in some language, enough to know what a "variable" or "if statement" is. Beyond that, you do not need to be an expert programmer to use this material.\r\n\r\nTo get started, the Python sections are linked at the left -- [Python Set Up](https://developers.google.com/edu/python/set-up) to get Python installed on your machine, [Python Introduction](https://developers.google.com/edu/python/introduction) for an introduction to the language, and then [Python Strings](https://developers.google.com/edu/python/strings) starts the coding material, leading to the first exercise. The end of each written section includes a link to the code exercise for that section's material. The lecture videos parallel the written materials, introducing Python, then strings, then first exercises, and so on. At Google, all this material makes up an intensive 2-day class, so the videos are organized as the day-1 and day-2 sections.\r\n\r\nThis material was created by [Nick Parlante](http://www-cs-faculty.stanford.edu/%7enick/) working in the engEDU group at Google. Special thanks for the help from my Google colleagues John Cox, Steve Glassman, Piotr Kaminksi, and Antoine Picard. And finally thanks to Google and my director Maggie Johnson for the enlightened generosity to put these materials out on the internet for free under the [Creative Commons Attribution 2.5](http://creativecommons.org/licenses/by/2.5/) license -- share and enjoy!	58	39	0	0	t	2017-03-05 16:13:03.282777+01	2018-01-13 16:53:52.436591+01	6	1	1	f
76	How to  Make Mistakes  in Python	how-to-make-mistakes-in-python	http://www.oreilly.com/programming/free/how-to-make-mistakes-in-python.csp	resources/resources/htmmp.gif	Even the best programmers make mistakes, and experienced programmer Mike Pirnat has made his share during 15+ years with Python. Some have been simple and silly; others were embarrassing and downright costly. In this O’Reilly report, he dissects some of his most memorable blunders, peeling them back layer-by-layer to reveal just what went wrong.\r\n\r\nFor example, you could install every third-party package that looks interesting and end up with a tangled mess where nothing works right. Or you could write a test that manages to break the build. Mike’s done both and so much more. By avoiding these missteps, you’ll be free to make truly significant mistakes—the ones that advance the art of programming.\r\n\r\n* Setup: the ills of an incautiously prepared environment\r\n* Silly things: trivial mistakes that waste a disproportionate amount of energy\r\n* Style: poor stylistic decisions that impede readability\r\n* Structure: assembling code in ways that make change more difficult\r\n* Surprises: those shocking mysteries that only time can turn from OMG to LOL\r\n\r\nCode examples are in Python 2, but still relevant for Python 3.	58	35	0	0	t	2017-03-05 12:25:24.046997+01	2018-01-13 17:12:08.123248+01	6	1	1	f
73	Automate the Boring Stuff with Python	automate-the-boring-stuff-with-python	https://automatetheboringstuff.com/	resources/resources/automate_cover_medium.png	Practical programming for total beginners. Written by Al Sweigart.\r\nFree to read under a [Creative Commons license](https://creativecommons.org/licenses/by-nc-sa/3.0/).\r\n\r\nIf you've ever spent hours renaming files or updating hundreds of spreadsheet cells, you know how tedious tasks like these can be. But what if you could have your computer do them for you?\r\n\r\nIn Automate the Boring Stuff with Python, you'll learn how to use Python to write programs that do in minutes what would take you hours to do by hand-no prior programming experience required. Once you've mastered the basics of programming, you'll create Python programs that effortlessly perform useful and impressive feats of automation to:\r\n\r\n* Search for text in a file or across multiple files\r\n* Create, update, move, and rename files and folders\r\n* Search the Web and download online content\r\n* Update and format data in Excel spreadsheets of any size\r\n* Split, merge, watermark, and encrypt PDFs\r\n* Send reminder emails and text notifications\r\n* Fill out online forms\r\n\r\nStep-by-step instructions walk you through each program, and practice projects at the end of each chapter challenge you to improve those programs and use your newfound skills to automate similar tasks.\r\n\r\nDon't spend your time doing work a well-trained monkey could do. Even if you've never written a line of code, you can make your computer do the grunt work. Learn how in Automate the Boring Stuff with Python.\r\n\r\nNote: The programs in this book are written to run on Python 3.	49	30	0	0	t	2017-03-05 11:49:27.345428+01	2018-01-04 23:02:43.491021+01	6	1	1	f
11	jQuery Enlightenment	jquery-enlightenment	http://jqueryenlightenment.com/	resources/resources/jQuery_Enlightenment.jpg	jQuery Enlightenment was written to express, in short-order, the concepts essential to intermediate and advanced jQuery development. Its purpose is to instill in you, the reader, practices that jQuery developers take as common knowledge. Each chapter contains concepts essential to becoming a seasoned jQuery developer.\r\n\r\nThis book is intended for three types of readers. The first is someone who has read introductory books on jQuery and is looking for the next logical step. The second type of reader is a JavaScript developer, already versed in another library, now trying to quickly learn jQuery. The third reader is myself, the author. I crafted this book to be used as my own personal reference point for jQuery concepts. This is exactly the type of book I wish every JavaScript library had available.	56	38	0	0	t	2017-03-01 16:41:24.365301+01	2018-01-13 16:54:18.212969+01	15	1	1	f
77	Think Python 2nd Edition by Allen B. Downey	think-python-2nd-edition-by-allen-b-downey	http://greenteapress.com/wp/think-python-2e/	resources/resources/think_python2_medium.jpg	Think Python is an introduction to Python programming for beginners. It starts with basic concepts of programming, and is carefully designed to define all terms when they are first used and to develop each new concept in a logical progression. Larger pieces, like recursion and object-oriented programming are divided into a sequence of smaller steps and introduced over the course of several chapters.\r\n\r\n* We’ve upgraded to Python 3: All examples in the book are now Python 3, and the supporting code has been updated to run in both Python 2 and 3.\r\n* We’ve removed the roadblocks: Based on reader feedback, we know where people had problems, so we’ve fixed or removed the pain points.\r\n* Python in the browser: For beginners, one of the challenges of getting started is installing Python. For readers who don’t want to install Python right away, we provide instructions for running Python in a browser using PythonAnywhere, a free online programming environment.\r\n* More Python goodies: We’ve added a chapter to cover some powerful Python features that didn’t make it into the first edition, including list comprehensions and additional data structures.\r\n\r\nThink Python 2e is a Free Book. It is available under the [Creative Commons Attribution-NonCommercial 3.0 Unported License](http://creativecommons.org/licenses/by-nc/3.0/), which means that you are free to copy, distribute, and modify it, as long as you attribute the work and don’t use it for commercial purposes.	61	18	0	0	t	2017-03-05 12:32:30.081748+01	2018-01-04 22:57:50.991239+01	6	1	1	f
106	jQuery Trickshots by Tutorialzine	jquery-trickshots-by-tutorialzine	http://tutorialzine.com/books/jquery-trickshots/	resources/resources/e1372753615300.jpg	In this book, you will find 100 advanced jQuery techniques that we have developed over the years as JavaScript programmers and authors for Tutorialzine, presented as easy to understand tips.\r\n\r\nIf you are an experienced jQuery developer, or a beginner just starting out with JavaScript, this book is for you. You will learn neat tricks, find out about awesome plugins, and discover how to use (and abuse) our favorite library to your advantage.\r\n\r\nThe book is **free for all our newsletter subscribers**. It’s a sweet deal – you get [one email per week](http://tutorialzine.com/newsletter/w/hjf763xsVAZlLVS892vTEra6xA) full of cool new libraries, articles, tips and more from the world of web development, **and** you get our book!\r\n\r\n**Download it for FREE by joining our (tutorialzine) newsletter**\r\n\r\nYou will get the book in PDF, ePub and Kindle formats, together with 100 HTML & JS examples!	111	40	0	0	t	2017-03-06 17:23:49.215788+01	2018-01-20 11:56:01.726852+01	15	1	1	f
83	Cours de Python - Université Paris Diderot	cours-de-python-universite-paris-diderot	http://www.dsimb.inserm.fr/~fuchs/python/		Bienvenue au cours de Python !\r\n\r\nCe cours a été conçu à l'origine pour les étudiants débutants en programmation Python des filières biologie et biochimie de l'[Université Paris Diderot - Paris 7](http://www.univ-paris-diderot.fr/) ; et plus spécialement pour les étudiants du master Biologie Informatique.\r\n\r\nCe cours est basé sur la version 2.7 de Python, version que l'on trouve par défaut dans les distributions Linux actuelles (comme Ubuntu 16.04). Le cours sera mis à jour vers la version 3.x de Python dans les prochains mois (dès que Python 3 sera le standard dans les distributions Linux). Nous avons ajouté un paragraphe dans l'introduction traitant des principales différences entre Python 2 et Python 3 .\r\n\r\nSi vous relevez des erreurs à la lecture de ce document, merci de nous les signaler.	51	22	0	0	t	2017-03-05 12:58:57.434619+01	2018-01-18 19:35:29.046686+01	6	1	1	f
16	Designing Scalable JavaScript Applications	designing-scalable-javascript-applications	https://www.manning.com/books/designing-scalable-javascript-applications	resources/resources/Designing_Scalable_JavaScript_Applications.jpg	If you’ve ever written a non-trivial JavaScript application, you know that creating a code base that’s easy to maintain and scales well over time is no small feat. The complexity only grows as the project becomes larger. While it’s impossible to plan for every change that could possibly happen over the life of a project, you can help future-proof your front-end architecture by designing software that’s pliable and easily extended. Well-designed, extensible architecture can help reduce development and maintenance costs, as bug fixes, enhancements, and new technologies can be incorporated more easily.\r\n\r\nDesigning Scalable JavaScript Applications helps you start thinking about which tools and frameworks you’ll use and which design patterns you’ll implement. This book brings together excerpts from four different Manning titles selected by Emmit Scott, the author of SPA Design and Architecture. These chapters are great starting points for understanding how to build better JavaScript applications. They introduce some fundamental concepts for creating clean, loosely coupled code, and show you how to make your development process more productive and efficient.	55	22	0	0	t	2017-03-01 17:09:29.63375+01	2018-01-04 09:51:17.638514+01	7	1	1	f
22	Dynamisez vos sites web avec JavaScript !	dynamisez-vos-sites-web-avec-javascript	https://openclassrooms.com/courses/dynamisez-vos-sites-web-avec-javascript		Bienvenue à toutes et à tous,\r\n\r\nQui n'a jamais entendu parler du JavaScript ? Créé dans les années 90 en tant que simple langage de script, JavaScript est désormais un des poids lourds du développement Web ! Qui plus est, il se démocratise au sein d'autres environnements comme les serveurs avec le célèbre Node.js, les applications pour smartphones et tablettes, avec PhoneGap d'Adobe, les applications pour Windows 8, mais aussi les logiciels multiplateformes.\r\n\r\nBref, JavaScript est partout ! Mais avant de se targuer de créer des applications pour serveurs, tablettes et Windows, il faut d'abord apprendre la base et s'intéresser aux origines : le JavaScript au sein des pages Web. Et ça tombe bien ; c'est le sujet de ce cours. Chemin faisant, vous apprendrez la structure du langage, à manipuler les événements, interagir avec les éléments HTML, dialoguer avec le serveur, faire un système d'envoi d'images, faire un peu de dessin et des animations, et bien d'autres choses!\r\n\r\nCe cours va principalement aborder l'usage du JavaScript dans l'environnement d'un navigateur Web. Il est donc de rigueur que vous soyez à l'aise avec le CSS mais surtout le HTML. Le PHP est un plus, mais vous n'en aurez réellement besoin que lorsque nous aborderons la partie dédiée à l'AJAX, qui traite des communications entre le JavaScript et un serveur.\r\n\r\nVoici quelques exemples de ce qui est réalisable grâce au JavaScript:\r\n\r\n* Un système de chat, comme celui de Facebook\r\n* Une suggestion lors de la frappe dans un champ de texte, comme lors d'une recherche avec Google\r\n* Un lecteur de vidéos ou de musiques, aussi puissant que celui de Youtube, grâce aux balises <video> et <audio>\r\n* Des jeux exploitants la balise <canvas> comme Torus, un Tetris en 3D\r\n* La modélisation 3D d'une Lamborghini affichée grâce à l'API WebGL et à la bibliothèque Three.js\r\n* Et bien d'autres choses!\r\n\r\nSur ce, bonne lecture!	48	20	0	0	t	2017-03-01 17:40:09.279141+01	2018-01-04 09:52:00.13491+01	7	1	1	f
109	Probar Django 1.10 | Crear una Aplicación Web - Karlita	probar-django-110-crear-una-aplicacion-web-karlita	https://www.youtube.com/playlist?list=PLUAh0xzkWmosSdqTjxg9yHG3Q3J4PQB5X	resources/resources/probar_django_1_10.jpg	Curso de Django 1.10 de Karlita en YouTube\r\n\r\n* Empezar Proyecto Nuevo\r\n* Primera Migración + Editor de Texto\t\t\r\n* Crear Superusuarios + Administración de Django\r\n* Primera Aplicación de Django\t\t\r\n* Primer Modelo\r\n* Crear Objetos en Python Shell + Registrar Modelo en el Admin\t\t\r\n* Personalizar Modelo en el Admin\r\n* Primera Vista\t\t\r\n* Configuración de las Plantillas en el Proyecto\r\n* Primer Formulario\t\t\r\n* Formulario en la Vista\r\n* Método HTTP 'Post' en el Formulario\t\t\r\n* Validaciones\r\n* Guardar Datos del Formulario Usando Modelo\t\t\r\n* Model Form\r\n* Validaciones en el Model Form\t\t\r\n* Contexto en Vistas + Contexto en Plantillas\r\n* Model Form en la Vista\t\t\r\n* Formulario Custom para Contacto\r\n* Configurar Email para tu Página Web\t\t\r\n* Configuración de los Archivos Estáticos\r\n* Configurando Bootstrap para tu Proyecto\t\t\r\n* Herencia con Plantillas: Include Tag + Blocks\r\n* Django Crispy Forms\t\t\r\n* Darle Estilo a tu Proyecto I\r\n* Darle Estilo a tu Proyecto II: CSS custom\t\t\r\n* Nombres de URLs para Navegación\r\n* Darle Estilo a tu Proyecto III\t\t\r\n* Django Registration Redux I\r\n* Django Registration Redux II\t\t\r\n* Cambiar URL Redirect Depués de Login\r\n* Autenticación para Enlaces en la Barra de Navegación\t\t\r\n* Formulario de Login en la Navbar\r\n* Personalizar CSS: Jumbotron & Navbar\t\t\r\n* Incrustar Video de YouTube en el Jumbotron\r\n* Fontawesome (utilizar iconos molones en tu proyecto)\t\t\r\n* Contenido para Usuarios Autenticados\r\n* Introducción Básica a Querysets*	114	26	0	0	t	2017-03-07 08:53:26.649218+01	2018-01-20 02:21:07.439564+01	3	1	2	f
23	Hard Rock CoffeeScript	hard-rock-coffeescript	http://alchaplinsky.pro/hard-rock-coffeescript/	resources/resources/hard_rock.jpg	CoffeeScript is a little language that compiles to JavaScript created by Jeremy Ashkenas. This is an evolution of JavaScript that hides its bad parts and exposes the good parts. It's syntax is inspired by Ruby and Python and brings many features from these two languages.\r\n\r\nWhy is CoffeeScript better than writing pure JavaScript? First of all CoffeeScript allows you to actually write less and do more (yep, exactly like jQuery:smile:). The amount of code that you'll need to write reduces significantly — you're geeting rid of curly brackets, semicolons and you are getting lots of syntactic sugar. Moreover it adds usefull features like classes and inheritance which have not yet arrived natively to JavaScript.\r\n\r\nBut still, **coffee** code compiles to **JavaScript** so in order to write programs in CoffeeScript you need to know JavaScript. It is impossible to write well sctutured and good working scripts without understanding basics of JavaScript like closures or prototypical model. Knowledge of design patterns in JavaScript will be also usefull as CoffeeScript is using some patterns like **Module pattern, Prototype**.\r\n\r\n## JavaScript Lint\r\n\r\nJavaScript Lint is a JavaScript code quality tool, and running your programs through it is a great way of improving code quality and best practices. The project was based on a similar tool called JSLint. Check out JSLint's site for a great list of issues that it checks for, including global variables, missing semicolons and weak equality comparisons.\r\n\r\nThe good news is that CoffeeScript already 'lints' all of its output, so CoffeeScript generated JavaScript is already JavaScript Lint compatible	61	38	0	0	t	2017-03-01 18:45:29.695285+01	2018-01-13 16:56:52.399822+01	24	1	1	f
78	Think Java 6nd Edition	think-java-6nd-edition	http://greenteapress.com/wp/think-java/	resources/resources/think_java_cover.jpg	Think Java is an introduction to computer science and programming intended for people with little or no experience. We start with the most basic concepts and are careful to define all terms when they are first used. The book presents each new idea in a logical progression. Larger topics, like recursion and object-oriented programming, are divided into smaller examples and introduced over the course of several chapters.\r\n\r\nThis book is intended for students preparing for the AP Computer Science A Exam.  [Here is a PDF document with the Topic Outline for the exam and the corresponding sections of Think Java](http://greenteapress.com/wp/wp-content/uploads/2016/01/AP.pdf).\r\n\r\nHere are the guiding principles that make the book the way it is:\r\n\r\n* One concept at a time. We break down topics that give beginners trouble into a series of small steps, so that they can exercise each new concept in isolation before continuing.\r\n* Balance of Java and concepts. The book is not primarily about Java; it uses code examples to demonstrate computer science. Most chapters start with language features and end with concepts.\r\n* Conciseness. An important goal of the book is to be small enough so that students can read and understand the entire text in a one-semester college or AP course.\r\n* Emphasis on vocabulary. We try to introduce the minimum number of terms and define them carefully when they are first used. We also organize them in glossaries at the end of each chapter.\r\n* Program development. There are many strategies for writing programs, including bottom-up, top-down, and others. We demonstrate multiple program development techniques, allowing readers to choose methods that work best for them.\r\n* Multiple learning curves. To write a program, you have to understand the algorithm, know the programming language, and be able to debug errors. We discuss these and other aspects throughout the book, and include an appendix that summarizes our advice.\r\n\r\nThink Java is a free textbook available under the [Creative Commons Attribution-NonCommercial-ShareAlike 3.0 Unported License](http://creativecommons.org/licenses/by-nc-sa/3.0/). Readers are free to copy and distribute the text; they are also free to modify it, which allows them to adapt the book to different needs, and to help develop new material. [The LaTeX source for this book is in this repository](https://github.com/AllenDowney/ThinkJava).	68	41	0	0	t	2017-03-05 12:37:57.312844+01	2018-01-13 16:57:07.848952+01	37	1	1	f
80	Think Complexity	think-complexity	http://greenteapress.com/complexity/	resources/resources/think_complexity_cover.png	This book is about complexity science, data structures and algorithms, intermediate programming in Python, and the philosophy of science:\r\n\r\n* Data structures and algorithms: A data structure is a collection that contains data elements organized in a way that supports particular operations. For example, a dictionary organizes key-value pairs in a way that provides fast mapping from keys to values, but mapping from values to keys is generally slower.\r\n\r\n* An alorithm is a mechanical process for performing a computation. Designing efficient programs often involves the co-evolution of data structures and the algorithms that use them. For example, the first few chapters are about graphs, a data structure that is a good implementation of a graph---nested dictionaries---and several graph algorithms that use this data structure.\r\n\r\n* Python programming: This book picks up where [Think Python](http://greenteapress.com/thinkpython/index.html) leaves off. I assume that you have read that book or have equivalent knowledge of Python. As always, I will try to emphasize fundmental ideas that apply to programming in many languages, but along the way you will learn some useful features that are specific to Python.\r\n* Computational modeling: A model is a simplified description of a system that is useful for simulation or analysis. Computational models are designed to take advantage of cheap, fast computation.\r\n* Philosophy of science: The models and results in this book raise a number of questions relevant to the philosophy of science, including the nature of scientific laws, theory choice, realism and instrumentalism, holism and reductionism, and Bayesian epistemology. \r\n\r\nThis book focuses on discrete models, which include graphs, cellular automata, and agent-based models. They are often characterized by structure, rules and transitions rather than by equations. They tend to be more abstract than continuous models; in some cases there is no direct correspondence between the model and a physical system.\r\n\r\nComplexity science is an interdisciplinary field---at the intersection of mathematics, computer science and physics---that focuses on these kinds of models. That's what this book is about.\r\nFree books!\r\n\r\nThis book is under the [Creative Commons Attribution-NonCommercial 3.0 Unported License](http://creativecommons.org/licenses/by-nc/3.0/), which means that you are free to copy, distribute, and modify it, as long as you attribute the work and don't use it for commercial purposes.\r\n\r\nDownload the LaTeX source code (with figures and a Makefile) in a [zip file](http://greenteapress.com/complexity/complexity.tex.zip).	64	38	0	0	t	2017-03-05 12:46:11.614624+01	2018-01-13 16:48:02.585946+01	6	1	1	f
95	Python para todos	python-para-todos	http://mundogeek.net/tutorial-python/	resources/resources/tutorial-python.jpg	'Python para todos' es un libro sobre programación en Python escrito por Raúl González Duque. Se trata de un tutorial de Python adecuado para todos los niveles y que puedes descargar totalmente gratis.\r\n\r\nEl tutorial de Python 'Python para todos' se distribuye bajo licencia Creative Commons Reconocimiento 2.5 España, lo que supone que puedes distribuirlo, modificarlo, traducirlo a otros idiomas, ... siempre que indiques el autor original, preferiblemente con un enlace a esta web: [Tutorial de Python Python para todos](http://mundogeek.net/tutorial-python)\r\n\r\nEl libro cuenta con 160 páginas en las que se tratan los siguientes temas:\r\n\r\n* Tipos básicos\r\n* Control de flujo\r\n* Funciones\r\n* Orientación a objetos\r\n* Programación funcional\r\n* Excepciones\r\n* Módulos y paquetes\r\n* Entrada / Salida\r\n* Expresiones regulares\r\n* Sockets\r\n* Interacción con webs\r\n* Threads\r\n* Serialización de objetos\r\n* Bases de datos\r\n* Documentación\r\n* Pruebas\r\n* Distribuir aplicaciones Python	58	37	0	0	t	2017-03-05 16:34:35.864115+01	2018-01-13 16:49:27.717201+01	6	1	1	f
\.


--
-- Data for Name: resources_resource_categories; Type: TABLE DATA; Schema: public; Owner: resourceslibrescom
--

COPY resources_resource_categories (id, resource_id, category_id) FROM stdin;
1	1	2
2	1	5
3	2	2
4	2	5
5	3	2
6	3	5
7	4	2
8	5	2
9	5	5
10	6	2
11	6	5
12	7	2
13	7	5
14	8	2
15	8	5
16	9	2
17	9	5
18	10	2
19	10	5
20	11	2
21	11	5
22	12	2
23	12	5
24	13	5
25	14	2
26	15	2
27	15	5
28	16	2
29	16	5
30	17	2
31	17	5
33	18	5
34	19	2
35	19	5
36	20	2
37	20	5
38	21	2
39	21	5
40	22	2
41	22	5
42	23	2
43	23	5
44	24	2
45	24	5
46	25	2
47	25	5
48	26	2
49	26	5
50	27	2
51	27	5
52	28	2
53	28	5
54	29	2
55	29	5
56	30	2
57	30	5
58	31	2
59	32	2
60	32	5
61	33	2
62	33	5
63	34	2
64	34	5
65	35	2
66	35	5
67	36	2
68	36	5
69	37	2
70	37	5
71	38	2
72	38	5
76	40	5
77	41	2
78	41	5
79	42	2
80	42	5
81	43	2
82	43	5
83	44	2
84	44	5
85	45	2
86	46	2
87	46	5
88	47	2
89	47	5
90	48	2
91	48	5
92	49	2
93	50	2
94	50	5
95	51	2
96	51	5
97	52	2
98	52	5
100	53	5
102	54	5
103	55	2
104	55	6
106	56	5
108	57	5
109	58	5
110	59	5
111	60	2
112	60	5
113	61	2
114	61	5
115	62	2
116	63	2
117	64	2
118	64	5
119	65	2
120	66	2
121	67	2
122	68	2
123	69	2
124	69	5
125	70	2
126	70	5
127	71	1
128	71	3
129	72	2
130	73	2
131	74	2
132	75	2
133	76	2
134	77	2
135	78	2
136	79	2
137	80	2
138	81	2
139	81	5
140	82	2
141	82	5
142	83	2
143	84	2
144	84	5
145	85	2
146	86	2
147	87	2
148	88	2
149	89	2
150	90	2
151	91	2
152	92	2
153	93	2
154	93	5
155	94	2
156	95	2
157	96	2
158	97	2
159	98	2
160	99	2
161	99	5
162	100	2
163	100	5
164	101	2
165	101	5
166	102	2
167	102	5
168	103	2
169	103	5
170	104	2
171	104	5
172	105	2
173	105	5
174	106	2
175	106	5
176	107	2
177	107	5
178	108	2
179	108	5
180	109	2
181	109	5
182	110	2
183	110	5
184	111	2
185	111	5
186	112	2
187	112	5
188	113	2
189	113	5
190	114	2
191	114	5
192	115	2
193	115	5
194	116	1
195	116	3
196	117	1
197	117	3
198	118	2
199	119	2
200	120	2
201	121	2
202	121	6
203	122	2
204	122	5
205	123	2
206	123	5
209	125	2
210	126	2
211	126	5
\.


--
-- Name: resources_resource_categories_id_seq; Type: SEQUENCE SET; Schema: public; Owner: resourceslibrescom
--

SELECT pg_catalog.setval('resources_resource_categories_id_seq', 211, true);


--
-- Name: resources_resource_id_seq; Type: SEQUENCE SET; Schema: public; Owner: resourceslibrescom
--

SELECT pg_catalog.setval('resources_resource_id_seq', 126, true);


--
-- Data for Name: resources_resource_languages; Type: TABLE DATA; Schema: public; Owner: resourceslibrescom
--

COPY resources_resource_languages (id, resource_id, language_id) FROM stdin;
1	1	2
2	2	2
3	3	2
4	4	2
5	5	2
6	6	2
7	7	3
8	8	2
9	9	2
10	9	4
11	9	5
12	9	6
13	10	2
14	11	2
15	12	2
16	13	2
17	14	2
18	15	2
19	16	2
20	17	2
21	18	2
22	19	2
23	20	2
24	21	2
25	22	7
26	23	2
27	24	2
28	25	3
29	26	2
30	27	2
31	28	2
32	29	3
33	30	2
34	31	2
35	32	3
36	33	2
37	34	2
38	35	2
39	36	2
40	37	2
41	38	2
43	40	2
44	41	2
45	42	2
46	43	2
47	44	2
48	45	2
49	46	2
50	47	2
51	48	2
52	49	2
53	50	2
54	51	2
55	52	3
56	53	2
57	54	2
58	55	2
59	56	1
60	57	1
61	58	1
62	59	1
63	60	1
64	61	1
65	62	1
66	63	3
67	64	3
68	65	2
69	66	2
70	67	2
71	68	2
72	69	2
73	70	2
74	71	1
75	72	2
76	73	2
77	74	2
78	75	2
79	76	2
80	77	2
81	78	2
82	79	2
83	80	2
84	81	2
85	82	2
86	83	7
87	84	2
88	85	2
89	86	2
90	87	2
91	88	2
92	89	2
93	90	2
94	91	2
95	92	2
96	93	2
97	94	2
98	95	1
99	96	2
100	97	2
101	98	2
102	99	3
103	100	2
104	101	2
105	102	2
106	103	2
107	104	2
108	105	2
109	106	2
111	108	1
112	109	1
113	107	1
114	110	1
115	111	2
116	112	2
117	113	2
118	114	2
119	115	2
120	116	3
121	117	3
122	118	2
123	119	2
124	120	2
125	121	2
126	122	1
127	123	2
129	125	2
130	126	2
\.


--
-- Name: resources_resource_languages_id_seq; Type: SEQUENCE SET; Schema: public; Owner: resourceslibrescom
--

SELECT pg_catalog.setval('resources_resource_languages_id_seq', 130, true);


--
-- Data for Name: resources_resource_tags; Type: TABLE DATA; Schema: public; Owner: resourceslibrescom
--

COPY resources_resource_tags (id, resource_id, tag_id) FROM stdin;
1	1	3
2	1	6
3	2	3
4	2	6
5	3	3
6	3	6
7	4	2
8	4	4
9	5	3
10	5	6
11	6	3
12	6	6
13	7	3
14	7	6
15	8	3
16	8	6
17	9	7
18	10	7
19	11	7
20	11	15
21	12	7
22	13	14
23	14	22
24	14	23
25	15	24
26	15	7
27	16	7
28	17	7
29	18	14
30	19	7
31	20	7
32	21	1
33	21	7
34	22	7
35	23	24
36	23	7
37	24	7
38	25	7
39	26	7
40	27	24
41	27	7
42	28	24
43	28	7
44	29	7
45	30	7
46	31	18
47	31	7
48	32	7
49	33	7
50	34	25
51	34	7
52	35	26
53	35	7
54	36	1
55	36	7
56	37	7
57	38	7
60	40	14
61	41	27
62	41	7
63	42	7
64	43	7
65	44	7
66	44	15
67	45	18
68	45	7
69	46	7
70	47	7
71	48	28
72	48	7
73	49	18
74	49	7
75	50	1
76	50	7
77	51	7
78	52	7
79	53	8
80	53	9
81	54	14
82	55	29
84	56	8
85	56	9
86	57	9
87	57	31
88	58	14
89	59	9
90	60	7
91	61	7
92	61	15
93	62	6
94	63	11
95	64	3
96	64	6
97	65	32
98	66	32
99	67	32
100	68	32
101	69	33
102	69	6
103	70	33
104	70	6
105	71	34
106	72	6
107	73	6
108	74	6
109	75	6
110	76	6
111	77	6
112	78	37
113	79	6
114	80	6
115	81	3
116	81	6
117	82	3
118	82	6
119	83	6
120	84	6
121	84	39
122	85	33
123	85	6
124	86	6
125	87	6
126	88	6
127	89	6
128	90	6
129	91	6
130	92	6
131	93	6
132	94	6
133	95	6
134	96	6
135	97	6
136	98	19
137	99	35
138	99	7
139	100	35
140	100	7
141	101	35
142	101	7
143	102	35
144	102	7
145	103	35
146	103	7
147	104	35
148	104	7
149	105	36
150	105	5
151	106	7
152	106	15
153	107	3
154	107	6
155	108	3
156	108	6
157	109	3
158	109	6
159	110	3
160	110	6
161	111	3
162	111	6
163	112	3
164	112	6
165	113	3
166	113	6
167	114	3
168	114	6
169	115	3
170	115	6
171	116	34
172	117	43
173	118	37
174	119	37
175	120	37
176	121	2
177	121	37
178	122	35
179	122	7
180	122	44
181	123	3
182	123	6
185	125	3
186	125	6
187	126	3
188	126	6
\.


--
-- Name: resources_resource_tags_id_seq; Type: SEQUENCE SET; Schema: public; Owner: resourceslibrescom
--

SELECT pg_catalog.setval('resources_resource_tags_id_seq', 188, true);


--
-- Data for Name: resources_resourceformat; Type: TABLE DATA; Schema: public; Owner: resourceslibrescom
--

COPY resources_resourceformat (id, title, image) FROM stdin;
2	Video	resources/formats/1488920500_viddler.png
4	Articulo	resources/formats/1488920951_html5.png
1	Libro	resources/formats/1488924584_Book.png
3	Youtube	resources/formats/1488920576_youtube_v2.png
\.


--
-- Name: resources_resourceformat_id_seq; Type: SEQUENCE SET; Schema: public; Owner: resourceslibrescom
--

SELECT pg_catalog.setval('resources_resourceformat_id_seq', 4, true);


--
-- Data for Name: resources_tag; Type: TABLE DATA; Schema: public; Owner: resourceslibrescom
--

COPY resources_tag (id, title, slug, image) FROM stdin;
3	Django	django	resources/tags/django.png
5	PHP	php	resources/tags/php.png
10	Foundation	foundation	resources/tags/foundation.png
12	Grunt	grunt	resources/tags/grunt.png
13	Gulp	gulp	resources/tags/gulp.png
16	Less	less	resources/tags/less.png
17	MaterializeCSS	materializecss	resources/tags/materializecss.png
20	Ruby on Rails	ruby-on-rails	resources/tags/rubyonrails.png
23	Database	database	resources/tags/database.png
24	CoffeeScript	coffeescript	resources/tags/Coffeescript.png
25	Webpack	webpack	resources/tags/webpack.png
26	ReactJS	reactjs	resources/tags/reactjs.png
27	D3.js	d3js	resources/tags/d3js.png
29	UML	uml	resources/tags/uml.png
32	Go	golang	resources/tags/golang.png
11	Git	git	resources/tags/git_ticOS4h.png
33	Flask	flask	resources/tags/Flask-logo.png
34	GIMP	gimp	resources/tags/GIMP-icon.png
35	Vue.js	vuejs	resources/tags/vuejs.png
36	Laravel	laravel	resources/tags/laravel.png
38	Gnu/Linux	gnulinux	resources/tags/linux.png
39	WEB2PY	web2py	resources/tags/web2py_logo.png
2	C#	c	resources/tags/csharp_BT4bRcU.png
4	DotNet	dotnet	resources/tags/dotnet_1g2bUjc.png
40	DotNet Core	dotnetcore	resources/tags/dotnetcore.png
41	F#	fsharp	resources/tags/fsharp.png
42	Visual Basic	visual-basic	resources/tags/vb.png
8	Bootstrap	bootstrap	resources/tags/boostrap.png
14	HTML	html	resources/tags/html5_CiVge1Y.png
18	Nodejs	nodejs	resources/tags/nodejs_ch46BON.png
6	Python	python	resources/tags/python_2dM3gE4.png
31	SASS	sass	resources/tags/sass_go6A4Qv.png
19	Ruby	ruby	resources/tags/ruby_CPwSqxO.png
15	jQuery	jquery	resources/tags/jquery_aCw2d9d.png
7	Javascript	javascript	resources/tags/js.png
22	MongoDB	mongodb	resources/tags/mongodb_w55RFiY.png
9	CSS	css	resources/tags/css3.png
37	Java	java	resources/tags/java_XsArYFa.png
1	Angular	angular	resources/tags/angular_52I5dVX.png
28	Backbone.js	backbonejs	resources/tags/Backbone.js.png
43	Photoshop	photoshop	resources/tags/photoshop.jpg
44	Firebase	firebase	resources/tags/firebase.png
\.


--
-- Name: resources_tag_id_seq; Type: SEQUENCE SET; Schema: public; Owner: resourceslibrescom
--

SELECT pg_catalog.setval('resources_tag_id_seq', 44, true);


--
-- Name: accounts_user_groups accounts_user_groups_pkey; Type: CONSTRAINT; Schema: public; Owner: resourceslibrescom
--

ALTER TABLE ONLY accounts_user_groups
    ADD CONSTRAINT accounts_user_groups_pkey PRIMARY KEY (id);


--
-- Name: accounts_user_groups accounts_user_groups_user_id_group_id_59c0b32f_uniq; Type: CONSTRAINT; Schema: public; Owner: resourceslibrescom
--

ALTER TABLE ONLY accounts_user_groups
    ADD CONSTRAINT accounts_user_groups_user_id_group_id_59c0b32f_uniq UNIQUE (user_id, group_id);


--
-- Name: accounts_user accounts_user_pkey; Type: CONSTRAINT; Schema: public; Owner: resourceslibrescom
--

ALTER TABLE ONLY accounts_user
    ADD CONSTRAINT accounts_user_pkey PRIMARY KEY (id);


--
-- Name: accounts_user accounts_user_slug_key; Type: CONSTRAINT; Schema: public; Owner: resourceslibrescom
--

ALTER TABLE ONLY accounts_user
    ADD CONSTRAINT accounts_user_slug_key UNIQUE (slug);


--
-- Name: accounts_user_user_permissions accounts_user_user_permi_user_id_permission_id_2ab516c2_uniq; Type: CONSTRAINT; Schema: public; Owner: resourceslibrescom
--

ALTER TABLE ONLY accounts_user_user_permissions
    ADD CONSTRAINT accounts_user_user_permi_user_id_permission_id_2ab516c2_uniq UNIQUE (user_id, permission_id);


--
-- Name: accounts_user_user_permissions accounts_user_user_permissions_pkey; Type: CONSTRAINT; Schema: public; Owner: resourceslibrescom
--

ALTER TABLE ONLY accounts_user_user_permissions
    ADD CONSTRAINT accounts_user_user_permissions_pkey PRIMARY KEY (id);


--
-- Name: accounts_user accounts_user_username_key; Type: CONSTRAINT; Schema: public; Owner: resourceslibrescom
--

ALTER TABLE ONLY accounts_user
    ADD CONSTRAINT accounts_user_username_key UNIQUE (username);


--
-- Name: accounts_userkarma accounts_userkarma_pkey; Type: CONSTRAINT; Schema: public; Owner: resourceslibrescom
--

ALTER TABLE ONLY accounts_userkarma
    ADD CONSTRAINT accounts_userkarma_pkey PRIMARY KEY (id);


--
-- Name: accounts_userkarma accounts_userkarma_user_receiver_id_user_vote_id_5ef67a33_uniq; Type: CONSTRAINT; Schema: public; Owner: resourceslibrescom
--

ALTER TABLE ONLY accounts_userkarma
    ADD CONSTRAINT accounts_userkarma_user_receiver_id_user_vote_id_5ef67a33_uniq UNIQUE (user_receiver_id, user_vote_id);


--
-- Name: auth_group auth_group_name_key; Type: CONSTRAINT; Schema: public; Owner: resourceslibrescom
--

ALTER TABLE ONLY auth_group
    ADD CONSTRAINT auth_group_name_key UNIQUE (name);


--
-- Name: auth_group_permissions auth_group_permissions_group_id_permission_id_0cd325b0_uniq; Type: CONSTRAINT; Schema: public; Owner: resourceslibrescom
--

ALTER TABLE ONLY auth_group_permissions
    ADD CONSTRAINT auth_group_permissions_group_id_permission_id_0cd325b0_uniq UNIQUE (group_id, permission_id);


--
-- Name: auth_group_permissions auth_group_permissions_pkey; Type: CONSTRAINT; Schema: public; Owner: resourceslibrescom
--

ALTER TABLE ONLY auth_group_permissions
    ADD CONSTRAINT auth_group_permissions_pkey PRIMARY KEY (id);


--
-- Name: auth_group auth_group_pkey; Type: CONSTRAINT; Schema: public; Owner: resourceslibrescom
--

ALTER TABLE ONLY auth_group
    ADD CONSTRAINT auth_group_pkey PRIMARY KEY (id);


--
-- Name: auth_permission auth_permission_content_type_id_codename_01ab375a_uniq; Type: CONSTRAINT; Schema: public; Owner: resourceslibrescom
--

ALTER TABLE ONLY auth_permission
    ADD CONSTRAINT auth_permission_content_type_id_codename_01ab375a_uniq UNIQUE (content_type_id, codename);


--
-- Name: auth_permission auth_permission_pkey; Type: CONSTRAINT; Schema: public; Owner: resourceslibrescom
--

ALTER TABLE ONLY auth_permission
    ADD CONSTRAINT auth_permission_pkey PRIMARY KEY (id);


--
-- Name: authentication_registeruser authentication_registeruser_email_key; Type: CONSTRAINT; Schema: public; Owner: resourceslibrescom
--

ALTER TABLE ONLY authentication_registeruser
    ADD CONSTRAINT authentication_registeruser_email_key UNIQUE (email);


--
-- Name: authentication_registeruser authentication_registeruser_pkey; Type: CONSTRAINT; Schema: public; Owner: resourceslibrescom
--

ALTER TABLE ONLY authentication_registeruser
    ADD CONSTRAINT authentication_registeruser_pkey PRIMARY KEY (id);


--
-- Name: authentication_registeruser authentication_registeruser_username_key; Type: CONSTRAINT; Schema: public; Owner: resourceslibrescom
--

ALTER TABLE ONLY authentication_registeruser
    ADD CONSTRAINT authentication_registeruser_username_key UNIQUE (username);


--
-- Name: authentication_useremailupdate authentication_useremailupdate_pkey; Type: CONSTRAINT; Schema: public; Owner: resourceslibrescom
--

ALTER TABLE ONLY authentication_useremailupdate
    ADD CONSTRAINT authentication_useremailupdate_pkey PRIMARY KEY (user_id);


--
-- Name: contact_contactmessage contact_contactmessage_pkey; Type: CONSTRAINT; Schema: public; Owner: resourceslibrescom
--

ALTER TABLE ONLY contact_contactmessage
    ADD CONSTRAINT contact_contactmessage_pkey PRIMARY KEY (id);


--
-- Name: django_admin_log django_admin_log_pkey; Type: CONSTRAINT; Schema: public; Owner: resourceslibrescom
--

ALTER TABLE ONLY django_admin_log
    ADD CONSTRAINT django_admin_log_pkey PRIMARY KEY (id);


--
-- Name: django_content_type django_content_type_app_label_model_76bd3d3b_uniq; Type: CONSTRAINT; Schema: public; Owner: resourceslibrescom
--

ALTER TABLE ONLY django_content_type
    ADD CONSTRAINT django_content_type_app_label_model_76bd3d3b_uniq UNIQUE (app_label, model);


--
-- Name: django_content_type django_content_type_pkey; Type: CONSTRAINT; Schema: public; Owner: resourceslibrescom
--

ALTER TABLE ONLY django_content_type
    ADD CONSTRAINT django_content_type_pkey PRIMARY KEY (id);


--
-- Name: django_migrations django_migrations_pkey; Type: CONSTRAINT; Schema: public; Owner: resourceslibrescom
--

ALTER TABLE ONLY django_migrations
    ADD CONSTRAINT django_migrations_pkey PRIMARY KEY (id);


--
-- Name: django_session django_session_pkey; Type: CONSTRAINT; Schema: public; Owner: resourceslibrescom
--

ALTER TABLE ONLY django_session
    ADD CONSTRAINT django_session_pkey PRIMARY KEY (session_key);


--
-- Name: django_site django_site_domain_a2e37b91_uniq; Type: CONSTRAINT; Schema: public; Owner: resourceslibrescom
--

ALTER TABLE ONLY django_site
    ADD CONSTRAINT django_site_domain_a2e37b91_uniq UNIQUE (domain);


--
-- Name: django_site django_site_pkey; Type: CONSTRAINT; Schema: public; Owner: resourceslibrescom
--

ALTER TABLE ONLY django_site
    ADD CONSTRAINT django_site_pkey PRIMARY KEY (id);


--
-- Name: favorites_favorite favorites_favorite_pkey; Type: CONSTRAINT; Schema: public; Owner: resourceslibrescom
--

ALTER TABLE ONLY favorites_favorite
    ADD CONSTRAINT favorites_favorite_pkey PRIMARY KEY (user_id);


--
-- Name: favorites_favorite_resources favorites_favorite_resou_favorite_id_resource_id_e3e0120f_uniq; Type: CONSTRAINT; Schema: public; Owner: resourceslibrescom
--

ALTER TABLE ONLY favorites_favorite_resources
    ADD CONSTRAINT favorites_favorite_resou_favorite_id_resource_id_e3e0120f_uniq UNIQUE (favorite_id, resource_id);


--
-- Name: favorites_favorite_resources favorites_favorite_resources_pkey; Type: CONSTRAINT; Schema: public; Owner: resourceslibrescom
--

ALTER TABLE ONLY favorites_favorite_resources
    ADD CONSTRAINT favorites_favorite_resources_pkey PRIMARY KEY (id);


--
-- Name: read_readuserresources read_readuserresources_pkey; Type: CONSTRAINT; Schema: public; Owner: resourceslibrescom
--

ALTER TABLE ONLY read_readuserresources
    ADD CONSTRAINT read_readuserresources_pkey PRIMARY KEY (user_id);


--
-- Name: read_readuserresources_resources read_readuserresources_r_readuserresources_id_res_70e952df_uniq; Type: CONSTRAINT; Schema: public; Owner: resourceslibrescom
--

ALTER TABLE ONLY read_readuserresources_resources
    ADD CONSTRAINT read_readuserresources_r_readuserresources_id_res_70e952df_uniq UNIQUE (readuserresources_id, resource_id);


--
-- Name: read_readuserresources_resources read_readuserresources_resources_pkey; Type: CONSTRAINT; Schema: public; Owner: resourceslibrescom
--

ALTER TABLE ONLY read_readuserresources_resources
    ADD CONSTRAINT read_readuserresources_resources_pkey PRIMARY KEY (id);


--
-- Name: resources_category resources_category_pkey; Type: CONSTRAINT; Schema: public; Owner: resourceslibrescom
--

ALTER TABLE ONLY resources_category
    ADD CONSTRAINT resources_category_pkey PRIMARY KEY (id);


--
-- Name: resources_category resources_category_slug_key; Type: CONSTRAINT; Schema: public; Owner: resourceslibrescom
--

ALTER TABLE ONLY resources_category
    ADD CONSTRAINT resources_category_slug_key UNIQUE (slug);


--
-- Name: resources_category resources_category_title_key; Type: CONSTRAINT; Schema: public; Owner: resourceslibrescom
--

ALTER TABLE ONLY resources_category
    ADD CONSTRAINT resources_category_title_key UNIQUE (title);


--
-- Name: resources_language resources_language_code_key; Type: CONSTRAINT; Schema: public; Owner: resourceslibrescom
--

ALTER TABLE ONLY resources_language
    ADD CONSTRAINT resources_language_code_key UNIQUE (code);


--
-- Name: resources_language resources_language_pkey; Type: CONSTRAINT; Schema: public; Owner: resourceslibrescom
--

ALTER TABLE ONLY resources_language
    ADD CONSTRAINT resources_language_pkey PRIMARY KEY (id);


--
-- Name: resources_language resources_language_slug_key; Type: CONSTRAINT; Schema: public; Owner: resourceslibrescom
--

ALTER TABLE ONLY resources_language
    ADD CONSTRAINT resources_language_slug_key UNIQUE (slug);


--
-- Name: resources_language resources_language_title_key; Type: CONSTRAINT; Schema: public; Owner: resourceslibrescom
--

ALTER TABLE ONLY resources_language
    ADD CONSTRAINT resources_language_title_key UNIQUE (title);


--
-- Name: resources_quickresource resources_quickresource_pkey; Type: CONSTRAINT; Schema: public; Owner: resourceslibrescom
--

ALTER TABLE ONLY resources_quickresource
    ADD CONSTRAINT resources_quickresource_pkey PRIMARY KEY (id);


--
-- Name: resources_quickresource resources_quickresource_slug_key; Type: CONSTRAINT; Schema: public; Owner: resourceslibrescom
--

ALTER TABLE ONLY resources_quickresource
    ADD CONSTRAINT resources_quickresource_slug_key UNIQUE (slug);


--
-- Name: resources_quickresource resources_quickresource_title_key; Type: CONSTRAINT; Schema: public; Owner: resourceslibrescom
--

ALTER TABLE ONLY resources_quickresource
    ADD CONSTRAINT resources_quickresource_title_key UNIQUE (title);


--
-- Name: resources_ratio resources_ratio_pkey; Type: CONSTRAINT; Schema: public; Owner: resourceslibrescom
--

ALTER TABLE ONLY resources_ratio
    ADD CONSTRAINT resources_ratio_pkey PRIMARY KEY (id);


--
-- Name: resources_ratio resources_ratio_user_id_resource_id_d8ddedd1_uniq; Type: CONSTRAINT; Schema: public; Owner: resourceslibrescom
--

ALTER TABLE ONLY resources_ratio
    ADD CONSTRAINT resources_ratio_user_id_resource_id_d8ddedd1_uniq UNIQUE (user_id, resource_id);


--
-- Name: resources_resource_categories resources_resource_categ_resource_id_category_id_934a21a6_uniq; Type: CONSTRAINT; Schema: public; Owner: resourceslibrescom
--

ALTER TABLE ONLY resources_resource_categories
    ADD CONSTRAINT resources_resource_categ_resource_id_category_id_934a21a6_uniq UNIQUE (resource_id, category_id);


--
-- Name: resources_resource_categories resources_resource_categories_pkey; Type: CONSTRAINT; Schema: public; Owner: resourceslibrescom
--

ALTER TABLE ONLY resources_resource_categories
    ADD CONSTRAINT resources_resource_categories_pkey PRIMARY KEY (id);


--
-- Name: resources_resource_languages resources_resource_langu_resource_id_language_id_5541e90e_uniq; Type: CONSTRAINT; Schema: public; Owner: resourceslibrescom
--

ALTER TABLE ONLY resources_resource_languages
    ADD CONSTRAINT resources_resource_langu_resource_id_language_id_5541e90e_uniq UNIQUE (resource_id, language_id);


--
-- Name: resources_resource_languages resources_resource_languages_pkey; Type: CONSTRAINT; Schema: public; Owner: resourceslibrescom
--

ALTER TABLE ONLY resources_resource_languages
    ADD CONSTRAINT resources_resource_languages_pkey PRIMARY KEY (id);


--
-- Name: resources_resource resources_resource_pkey; Type: CONSTRAINT; Schema: public; Owner: resourceslibrescom
--

ALTER TABLE ONLY resources_resource
    ADD CONSTRAINT resources_resource_pkey PRIMARY KEY (id);


--
-- Name: resources_resource resources_resource_slug_key; Type: CONSTRAINT; Schema: public; Owner: resourceslibrescom
--

ALTER TABLE ONLY resources_resource
    ADD CONSTRAINT resources_resource_slug_key UNIQUE (slug);


--
-- Name: resources_resource_tags resources_resource_tags_pkey; Type: CONSTRAINT; Schema: public; Owner: resourceslibrescom
--

ALTER TABLE ONLY resources_resource_tags
    ADD CONSTRAINT resources_resource_tags_pkey PRIMARY KEY (id);


--
-- Name: resources_resource_tags resources_resource_tags_resource_id_tag_id_4463847d_uniq; Type: CONSTRAINT; Schema: public; Owner: resourceslibrescom
--

ALTER TABLE ONLY resources_resource_tags
    ADD CONSTRAINT resources_resource_tags_resource_id_tag_id_4463847d_uniq UNIQUE (resource_id, tag_id);


--
-- Name: resources_resource resources_resource_title_key; Type: CONSTRAINT; Schema: public; Owner: resourceslibrescom
--

ALTER TABLE ONLY resources_resource
    ADD CONSTRAINT resources_resource_title_key UNIQUE (title);


--
-- Name: resources_resourceformat resources_resourceformat_pkey; Type: CONSTRAINT; Schema: public; Owner: resourceslibrescom
--

ALTER TABLE ONLY resources_resourceformat
    ADD CONSTRAINT resources_resourceformat_pkey PRIMARY KEY (id);


--
-- Name: resources_resourceformat resources_resourceformat_title_key; Type: CONSTRAINT; Schema: public; Owner: resourceslibrescom
--

ALTER TABLE ONLY resources_resourceformat
    ADD CONSTRAINT resources_resourceformat_title_key UNIQUE (title);


--
-- Name: resources_tag resources_tag_pkey; Type: CONSTRAINT; Schema: public; Owner: resourceslibrescom
--

ALTER TABLE ONLY resources_tag
    ADD CONSTRAINT resources_tag_pkey PRIMARY KEY (id);


--
-- Name: resources_tag resources_tag_slug_key; Type: CONSTRAINT; Schema: public; Owner: resourceslibrescom
--

ALTER TABLE ONLY resources_tag
    ADD CONSTRAINT resources_tag_slug_key UNIQUE (slug);


--
-- Name: resources_tag resources_tag_title_key; Type: CONSTRAINT; Schema: public; Owner: resourceslibrescom
--

ALTER TABLE ONLY resources_tag
    ADD CONSTRAINT resources_tag_title_key UNIQUE (title);


--
-- Name: accounts_user_groups_group_id_bd11a704; Type: INDEX; Schema: public; Owner: resourceslibrescom
--

CREATE INDEX accounts_user_groups_group_id_bd11a704 ON accounts_user_groups USING btree (group_id);


--
-- Name: accounts_user_groups_user_id_52b62117; Type: INDEX; Schema: public; Owner: resourceslibrescom
--

CREATE INDEX accounts_user_groups_user_id_52b62117 ON accounts_user_groups USING btree (user_id);


--
-- Name: accounts_user_slug_b5afb108_like; Type: INDEX; Schema: public; Owner: resourceslibrescom
--

CREATE INDEX accounts_user_slug_b5afb108_like ON accounts_user USING btree (slug varchar_pattern_ops);


--
-- Name: accounts_user_user_permissions_permission_id_113bb443; Type: INDEX; Schema: public; Owner: resourceslibrescom
--

CREATE INDEX accounts_user_user_permissions_permission_id_113bb443 ON accounts_user_user_permissions USING btree (permission_id);


--
-- Name: accounts_user_user_permissions_user_id_e4f0a161; Type: INDEX; Schema: public; Owner: resourceslibrescom
--

CREATE INDEX accounts_user_user_permissions_user_id_e4f0a161 ON accounts_user_user_permissions USING btree (user_id);


--
-- Name: accounts_user_username_6088629e_like; Type: INDEX; Schema: public; Owner: resourceslibrescom
--

CREATE INDEX accounts_user_username_6088629e_like ON accounts_user USING btree (username varchar_pattern_ops);


--
-- Name: accounts_userkarma_user_receiver_id_9484b483; Type: INDEX; Schema: public; Owner: resourceslibrescom
--

CREATE INDEX accounts_userkarma_user_receiver_id_9484b483 ON accounts_userkarma USING btree (user_receiver_id);


--
-- Name: accounts_userkarma_user_vote_id_f9d51115; Type: INDEX; Schema: public; Owner: resourceslibrescom
--

CREATE INDEX accounts_userkarma_user_vote_id_f9d51115 ON accounts_userkarma USING btree (user_vote_id);


--
-- Name: auth_group_name_a6ea08ec_like; Type: INDEX; Schema: public; Owner: resourceslibrescom
--

CREATE INDEX auth_group_name_a6ea08ec_like ON auth_group USING btree (name varchar_pattern_ops);


--
-- Name: auth_group_permissions_group_id_b120cbf9; Type: INDEX; Schema: public; Owner: resourceslibrescom
--

CREATE INDEX auth_group_permissions_group_id_b120cbf9 ON auth_group_permissions USING btree (group_id);


--
-- Name: auth_group_permissions_permission_id_84c5c92e; Type: INDEX; Schema: public; Owner: resourceslibrescom
--

CREATE INDEX auth_group_permissions_permission_id_84c5c92e ON auth_group_permissions USING btree (permission_id);


--
-- Name: auth_permission_content_type_id_2f476e4b; Type: INDEX; Schema: public; Owner: resourceslibrescom
--

CREATE INDEX auth_permission_content_type_id_2f476e4b ON auth_permission USING btree (content_type_id);


--
-- Name: authentication_registeruser_email_6f36ee2a_like; Type: INDEX; Schema: public; Owner: resourceslibrescom
--

CREATE INDEX authentication_registeruser_email_6f36ee2a_like ON authentication_registeruser USING btree (email varchar_pattern_ops);


--
-- Name: authentication_registeruser_username_2b798930_like; Type: INDEX; Schema: public; Owner: resourceslibrescom
--

CREATE INDEX authentication_registeruser_username_2b798930_like ON authentication_registeruser USING btree (username varchar_pattern_ops);


--
-- Name: django_admin_log_content_type_id_c4bce8eb; Type: INDEX; Schema: public; Owner: resourceslibrescom
--

CREATE INDEX django_admin_log_content_type_id_c4bce8eb ON django_admin_log USING btree (content_type_id);


--
-- Name: django_admin_log_user_id_c564eba6; Type: INDEX; Schema: public; Owner: resourceslibrescom
--

CREATE INDEX django_admin_log_user_id_c564eba6 ON django_admin_log USING btree (user_id);


--
-- Name: django_session_expire_date_a5c62663; Type: INDEX; Schema: public; Owner: resourceslibrescom
--

CREATE INDEX django_session_expire_date_a5c62663 ON django_session USING btree (expire_date);


--
-- Name: django_session_session_key_c0390e0f_like; Type: INDEX; Schema: public; Owner: resourceslibrescom
--

CREATE INDEX django_session_session_key_c0390e0f_like ON django_session USING btree (session_key varchar_pattern_ops);


--
-- Name: django_site_domain_a2e37b91_like; Type: INDEX; Schema: public; Owner: resourceslibrescom
--

CREATE INDEX django_site_domain_a2e37b91_like ON django_site USING btree (domain varchar_pattern_ops);


--
-- Name: favorites_favorite_resources_favorite_id_ce998cb9; Type: INDEX; Schema: public; Owner: resourceslibrescom
--

CREATE INDEX favorites_favorite_resources_favorite_id_ce998cb9 ON favorites_favorite_resources USING btree (favorite_id);


--
-- Name: favorites_favorite_resources_resource_id_4c68c0e3; Type: INDEX; Schema: public; Owner: resourceslibrescom
--

CREATE INDEX favorites_favorite_resources_resource_id_4c68c0e3 ON favorites_favorite_resources USING btree (resource_id);


--
-- Name: read_readuserresources_resources_readuserresources_id_06794311; Type: INDEX; Schema: public; Owner: resourceslibrescom
--

CREATE INDEX read_readuserresources_resources_readuserresources_id_06794311 ON read_readuserresources_resources USING btree (readuserresources_id);


--
-- Name: read_readuserresources_resources_resource_id_828ed205; Type: INDEX; Schema: public; Owner: resourceslibrescom
--

CREATE INDEX read_readuserresources_resources_resource_id_828ed205 ON read_readuserresources_resources USING btree (resource_id);


--
-- Name: resources_category_slug_6b2b4140_like; Type: INDEX; Schema: public; Owner: resourceslibrescom
--

CREATE INDEX resources_category_slug_6b2b4140_like ON resources_category USING btree (slug varchar_pattern_ops);


--
-- Name: resources_category_title_6ed62867_like; Type: INDEX; Schema: public; Owner: resourceslibrescom
--

CREATE INDEX resources_category_title_6ed62867_like ON resources_category USING btree (title varchar_pattern_ops);


--
-- Name: resources_language_code_d4364924_like; Type: INDEX; Schema: public; Owner: resourceslibrescom
--

CREATE INDEX resources_language_code_d4364924_like ON resources_language USING btree (code varchar_pattern_ops);


--
-- Name: resources_language_slug_917d82ac_like; Type: INDEX; Schema: public; Owner: resourceslibrescom
--

CREATE INDEX resources_language_slug_917d82ac_like ON resources_language USING btree (slug varchar_pattern_ops);


--
-- Name: resources_language_title_2320bf5f_like; Type: INDEX; Schema: public; Owner: resourceslibrescom
--

CREATE INDEX resources_language_title_2320bf5f_like ON resources_language USING btree (title varchar_pattern_ops);


--
-- Name: resources_quickresource_owner_id_b8ef2846; Type: INDEX; Schema: public; Owner: resourceslibrescom
--

CREATE INDEX resources_quickresource_owner_id_b8ef2846 ON resources_quickresource USING btree (owner_id);


--
-- Name: resources_quickresource_slug_c66e4967_like; Type: INDEX; Schema: public; Owner: resourceslibrescom
--

CREATE INDEX resources_quickresource_slug_c66e4967_like ON resources_quickresource USING btree (slug varchar_pattern_ops);


--
-- Name: resources_quickresource_title_4ad5da7c_like; Type: INDEX; Schema: public; Owner: resourceslibrescom
--

CREATE INDEX resources_quickresource_title_4ad5da7c_like ON resources_quickresource USING btree (title varchar_pattern_ops);


--
-- Name: resources_ratio_resource_id_dbc7f374; Type: INDEX; Schema: public; Owner: resourceslibrescom
--

CREATE INDEX resources_ratio_resource_id_dbc7f374 ON resources_ratio USING btree (resource_id);


--
-- Name: resources_ratio_user_id_f16b29ab; Type: INDEX; Schema: public; Owner: resourceslibrescom
--

CREATE INDEX resources_ratio_user_id_f16b29ab ON resources_ratio USING btree (user_id);


--
-- Name: resources_resource_categories_category_id_3944a462; Type: INDEX; Schema: public; Owner: resourceslibrescom
--

CREATE INDEX resources_resource_categories_category_id_3944a462 ON resources_resource_categories USING btree (category_id);


--
-- Name: resources_resource_categories_resource_id_f2f988e9; Type: INDEX; Schema: public; Owner: resourceslibrescom
--

CREATE INDEX resources_resource_categories_resource_id_f2f988e9 ON resources_resource_categories USING btree (resource_id);


--
-- Name: resources_resource_languages_language_id_12c99e8b; Type: INDEX; Schema: public; Owner: resourceslibrescom
--

CREATE INDEX resources_resource_languages_language_id_12c99e8b ON resources_resource_languages USING btree (language_id);


--
-- Name: resources_resource_languages_resource_id_fe0740e9; Type: INDEX; Schema: public; Owner: resourceslibrescom
--

CREATE INDEX resources_resource_languages_resource_id_fe0740e9 ON resources_resource_languages USING btree (resource_id);


--
-- Name: resources_resource_main_tag_id_6b0abf39; Type: INDEX; Schema: public; Owner: resourceslibrescom
--

CREATE INDEX resources_resource_main_tag_id_6b0abf39 ON resources_resource USING btree (main_tag_id);


--
-- Name: resources_resource_owner_id_ffd5eed6; Type: INDEX; Schema: public; Owner: resourceslibrescom
--

CREATE INDEX resources_resource_owner_id_ffd5eed6 ON resources_resource USING btree (owner_id);


--
-- Name: resources_resource_resource_format_id_a4a6c81e; Type: INDEX; Schema: public; Owner: resourceslibrescom
--

CREATE INDEX resources_resource_resource_format_id_a4a6c81e ON resources_resource USING btree (resource_format_id);


--
-- Name: resources_resource_slug_8867b959_like; Type: INDEX; Schema: public; Owner: resourceslibrescom
--

CREATE INDEX resources_resource_slug_8867b959_like ON resources_resource USING btree (slug varchar_pattern_ops);


--
-- Name: resources_resource_tags_resource_id_33e5c8e2; Type: INDEX; Schema: public; Owner: resourceslibrescom
--

CREATE INDEX resources_resource_tags_resource_id_33e5c8e2 ON resources_resource_tags USING btree (resource_id);


--
-- Name: resources_resource_tags_tag_id_7ed3b40d; Type: INDEX; Schema: public; Owner: resourceslibrescom
--

CREATE INDEX resources_resource_tags_tag_id_7ed3b40d ON resources_resource_tags USING btree (tag_id);


--
-- Name: resources_resource_title_cf762cf0_like; Type: INDEX; Schema: public; Owner: resourceslibrescom
--

CREATE INDEX resources_resource_title_cf762cf0_like ON resources_resource USING btree (title varchar_pattern_ops);


--
-- Name: resources_resourceformat_title_ec67817e_like; Type: INDEX; Schema: public; Owner: resourceslibrescom
--

CREATE INDEX resources_resourceformat_title_ec67817e_like ON resources_resourceformat USING btree (title varchar_pattern_ops);


--
-- Name: resources_tag_slug_eeaed1a6_like; Type: INDEX; Schema: public; Owner: resourceslibrescom
--

CREATE INDEX resources_tag_slug_eeaed1a6_like ON resources_tag USING btree (slug varchar_pattern_ops);


--
-- Name: resources_tag_title_ba19868e_like; Type: INDEX; Schema: public; Owner: resourceslibrescom
--

CREATE INDEX resources_tag_title_ba19868e_like ON resources_tag USING btree (title varchar_pattern_ops);


--
-- Name: accounts_user_groups accounts_user_groups_group_id_bd11a704_fk_auth_group_id; Type: FK CONSTRAINT; Schema: public; Owner: resourceslibrescom
--

ALTER TABLE ONLY accounts_user_groups
    ADD CONSTRAINT accounts_user_groups_group_id_bd11a704_fk_auth_group_id FOREIGN KEY (group_id) REFERENCES auth_group(id) DEFERRABLE INITIALLY DEFERRED;


--
-- Name: accounts_user_groups accounts_user_groups_user_id_52b62117_fk_accounts_user_id; Type: FK CONSTRAINT; Schema: public; Owner: resourceslibrescom
--

ALTER TABLE ONLY accounts_user_groups
    ADD CONSTRAINT accounts_user_groups_user_id_52b62117_fk_accounts_user_id FOREIGN KEY (user_id) REFERENCES accounts_user(id) DEFERRABLE INITIALLY DEFERRED;


--
-- Name: accounts_user_user_permissions accounts_user_user_p_permission_id_113bb443_fk_auth_perm; Type: FK CONSTRAINT; Schema: public; Owner: resourceslibrescom
--

ALTER TABLE ONLY accounts_user_user_permissions
    ADD CONSTRAINT accounts_user_user_p_permission_id_113bb443_fk_auth_perm FOREIGN KEY (permission_id) REFERENCES auth_permission(id) DEFERRABLE INITIALLY DEFERRED;


--
-- Name: accounts_user_user_permissions accounts_user_user_p_user_id_e4f0a161_fk_accounts_; Type: FK CONSTRAINT; Schema: public; Owner: resourceslibrescom
--

ALTER TABLE ONLY accounts_user_user_permissions
    ADD CONSTRAINT accounts_user_user_p_user_id_e4f0a161_fk_accounts_ FOREIGN KEY (user_id) REFERENCES accounts_user(id) DEFERRABLE INITIALLY DEFERRED;


--
-- Name: accounts_userkarma accounts_userkarma_user_receiver_id_9484b483_fk_accounts_; Type: FK CONSTRAINT; Schema: public; Owner: resourceslibrescom
--

ALTER TABLE ONLY accounts_userkarma
    ADD CONSTRAINT accounts_userkarma_user_receiver_id_9484b483_fk_accounts_ FOREIGN KEY (user_receiver_id) REFERENCES accounts_user(id) DEFERRABLE INITIALLY DEFERRED;


--
-- Name: accounts_userkarma accounts_userkarma_user_vote_id_f9d51115_fk_accounts_user_id; Type: FK CONSTRAINT; Schema: public; Owner: resourceslibrescom
--

ALTER TABLE ONLY accounts_userkarma
    ADD CONSTRAINT accounts_userkarma_user_vote_id_f9d51115_fk_accounts_user_id FOREIGN KEY (user_vote_id) REFERENCES accounts_user(id) DEFERRABLE INITIALLY DEFERRED;


--
-- Name: auth_group_permissions auth_group_permissio_permission_id_84c5c92e_fk_auth_perm; Type: FK CONSTRAINT; Schema: public; Owner: resourceslibrescom
--

ALTER TABLE ONLY auth_group_permissions
    ADD CONSTRAINT auth_group_permissio_permission_id_84c5c92e_fk_auth_perm FOREIGN KEY (permission_id) REFERENCES auth_permission(id) DEFERRABLE INITIALLY DEFERRED;


--
-- Name: auth_group_permissions auth_group_permissions_group_id_b120cbf9_fk_auth_group_id; Type: FK CONSTRAINT; Schema: public; Owner: resourceslibrescom
--

ALTER TABLE ONLY auth_group_permissions
    ADD CONSTRAINT auth_group_permissions_group_id_b120cbf9_fk_auth_group_id FOREIGN KEY (group_id) REFERENCES auth_group(id) DEFERRABLE INITIALLY DEFERRED;


--
-- Name: auth_permission auth_permission_content_type_id_2f476e4b_fk_django_co; Type: FK CONSTRAINT; Schema: public; Owner: resourceslibrescom
--

ALTER TABLE ONLY auth_permission
    ADD CONSTRAINT auth_permission_content_type_id_2f476e4b_fk_django_co FOREIGN KEY (content_type_id) REFERENCES django_content_type(id) DEFERRABLE INITIALLY DEFERRED;


--
-- Name: authentication_useremailupdate authentication_usere_user_id_0b366043_fk_accounts_; Type: FK CONSTRAINT; Schema: public; Owner: resourceslibrescom
--

ALTER TABLE ONLY authentication_useremailupdate
    ADD CONSTRAINT authentication_usere_user_id_0b366043_fk_accounts_ FOREIGN KEY (user_id) REFERENCES accounts_user(id) DEFERRABLE INITIALLY DEFERRED;


--
-- Name: django_admin_log django_admin_log_content_type_id_c4bce8eb_fk_django_co; Type: FK CONSTRAINT; Schema: public; Owner: resourceslibrescom
--

ALTER TABLE ONLY django_admin_log
    ADD CONSTRAINT django_admin_log_content_type_id_c4bce8eb_fk_django_co FOREIGN KEY (content_type_id) REFERENCES django_content_type(id) DEFERRABLE INITIALLY DEFERRED;


--
-- Name: django_admin_log django_admin_log_user_id_c564eba6_fk_accounts_user_id; Type: FK CONSTRAINT; Schema: public; Owner: resourceslibrescom
--

ALTER TABLE ONLY django_admin_log
    ADD CONSTRAINT django_admin_log_user_id_c564eba6_fk_accounts_user_id FOREIGN KEY (user_id) REFERENCES accounts_user(id) DEFERRABLE INITIALLY DEFERRED;


--
-- Name: favorites_favorite_resources favorites_favorite_r_favorite_id_ce998cb9_fk_favorites; Type: FK CONSTRAINT; Schema: public; Owner: resourceslibrescom
--

ALTER TABLE ONLY favorites_favorite_resources
    ADD CONSTRAINT favorites_favorite_r_favorite_id_ce998cb9_fk_favorites FOREIGN KEY (favorite_id) REFERENCES favorites_favorite(user_id) DEFERRABLE INITIALLY DEFERRED;


--
-- Name: favorites_favorite_resources favorites_favorite_r_resource_id_4c68c0e3_fk_resources; Type: FK CONSTRAINT; Schema: public; Owner: resourceslibrescom
--

ALTER TABLE ONLY favorites_favorite_resources
    ADD CONSTRAINT favorites_favorite_r_resource_id_4c68c0e3_fk_resources FOREIGN KEY (resource_id) REFERENCES resources_resource(id) DEFERRABLE INITIALLY DEFERRED;


--
-- Name: favorites_favorite favorites_favorite_user_id_69ee5ed6_fk_accounts_user_id; Type: FK CONSTRAINT; Schema: public; Owner: resourceslibrescom
--

ALTER TABLE ONLY favorites_favorite
    ADD CONSTRAINT favorites_favorite_user_id_69ee5ed6_fk_accounts_user_id FOREIGN KEY (user_id) REFERENCES accounts_user(id) DEFERRABLE INITIALLY DEFERRED;


--
-- Name: read_readuserresources_resources read_readuserresourc_readuserresources_id_06794311_fk_read_read; Type: FK CONSTRAINT; Schema: public; Owner: resourceslibrescom
--

ALTER TABLE ONLY read_readuserresources_resources
    ADD CONSTRAINT read_readuserresourc_readuserresources_id_06794311_fk_read_read FOREIGN KEY (readuserresources_id) REFERENCES read_readuserresources(user_id) DEFERRABLE INITIALLY DEFERRED;


--
-- Name: read_readuserresources_resources read_readuserresourc_resource_id_828ed205_fk_resources; Type: FK CONSTRAINT; Schema: public; Owner: resourceslibrescom
--

ALTER TABLE ONLY read_readuserresources_resources
    ADD CONSTRAINT read_readuserresourc_resource_id_828ed205_fk_resources FOREIGN KEY (resource_id) REFERENCES resources_resource(id) DEFERRABLE INITIALLY DEFERRED;


--
-- Name: read_readuserresources read_readuserresources_user_id_e87efa0d_fk_accounts_user_id; Type: FK CONSTRAINT; Schema: public; Owner: resourceslibrescom
--

ALTER TABLE ONLY read_readuserresources
    ADD CONSTRAINT read_readuserresources_user_id_e87efa0d_fk_accounts_user_id FOREIGN KEY (user_id) REFERENCES accounts_user(id) DEFERRABLE INITIALLY DEFERRED;


--
-- Name: resources_quickresource resources_quickresource_owner_id_b8ef2846_fk_accounts_user_id; Type: FK CONSTRAINT; Schema: public; Owner: resourceslibrescom
--

ALTER TABLE ONLY resources_quickresource
    ADD CONSTRAINT resources_quickresource_owner_id_b8ef2846_fk_accounts_user_id FOREIGN KEY (owner_id) REFERENCES accounts_user(id) DEFERRABLE INITIALLY DEFERRED;


--
-- Name: resources_ratio resources_ratio_resource_id_dbc7f374_fk_resources_resource_id; Type: FK CONSTRAINT; Schema: public; Owner: resourceslibrescom
--

ALTER TABLE ONLY resources_ratio
    ADD CONSTRAINT resources_ratio_resource_id_dbc7f374_fk_resources_resource_id FOREIGN KEY (resource_id) REFERENCES resources_resource(id) DEFERRABLE INITIALLY DEFERRED;


--
-- Name: resources_ratio resources_ratio_user_id_f16b29ab_fk_accounts_user_id; Type: FK CONSTRAINT; Schema: public; Owner: resourceslibrescom
--

ALTER TABLE ONLY resources_ratio
    ADD CONSTRAINT resources_ratio_user_id_f16b29ab_fk_accounts_user_id FOREIGN KEY (user_id) REFERENCES accounts_user(id) DEFERRABLE INITIALLY DEFERRED;


--
-- Name: resources_resource_categories resources_resource_c_category_id_3944a462_fk_resources; Type: FK CONSTRAINT; Schema: public; Owner: resourceslibrescom
--

ALTER TABLE ONLY resources_resource_categories
    ADD CONSTRAINT resources_resource_c_category_id_3944a462_fk_resources FOREIGN KEY (category_id) REFERENCES resources_category(id) DEFERRABLE INITIALLY DEFERRED;


--
-- Name: resources_resource_categories resources_resource_c_resource_id_f2f988e9_fk_resources; Type: FK CONSTRAINT; Schema: public; Owner: resourceslibrescom
--

ALTER TABLE ONLY resources_resource_categories
    ADD CONSTRAINT resources_resource_c_resource_id_f2f988e9_fk_resources FOREIGN KEY (resource_id) REFERENCES resources_resource(id) DEFERRABLE INITIALLY DEFERRED;


--
-- Name: resources_resource_languages resources_resource_l_language_id_12c99e8b_fk_resources; Type: FK CONSTRAINT; Schema: public; Owner: resourceslibrescom
--

ALTER TABLE ONLY resources_resource_languages
    ADD CONSTRAINT resources_resource_l_language_id_12c99e8b_fk_resources FOREIGN KEY (language_id) REFERENCES resources_language(id) DEFERRABLE INITIALLY DEFERRED;


--
-- Name: resources_resource_languages resources_resource_l_resource_id_fe0740e9_fk_resources; Type: FK CONSTRAINT; Schema: public; Owner: resourceslibrescom
--

ALTER TABLE ONLY resources_resource_languages
    ADD CONSTRAINT resources_resource_l_resource_id_fe0740e9_fk_resources FOREIGN KEY (resource_id) REFERENCES resources_resource(id) DEFERRABLE INITIALLY DEFERRED;


--
-- Name: resources_resource resources_resource_main_tag_id_6b0abf39_fk_resources_tag_id; Type: FK CONSTRAINT; Schema: public; Owner: resourceslibrescom
--

ALTER TABLE ONLY resources_resource
    ADD CONSTRAINT resources_resource_main_tag_id_6b0abf39_fk_resources_tag_id FOREIGN KEY (main_tag_id) REFERENCES resources_tag(id) DEFERRABLE INITIALLY DEFERRED;


--
-- Name: resources_resource resources_resource_owner_id_ffd5eed6_fk_accounts_user_id; Type: FK CONSTRAINT; Schema: public; Owner: resourceslibrescom
--

ALTER TABLE ONLY resources_resource
    ADD CONSTRAINT resources_resource_owner_id_ffd5eed6_fk_accounts_user_id FOREIGN KEY (owner_id) REFERENCES accounts_user(id) DEFERRABLE INITIALLY DEFERRED;


--
-- Name: resources_resource resources_resource_resource_format_id_a4a6c81e_fk_resources; Type: FK CONSTRAINT; Schema: public; Owner: resourceslibrescom
--

ALTER TABLE ONLY resources_resource
    ADD CONSTRAINT resources_resource_resource_format_id_a4a6c81e_fk_resources FOREIGN KEY (resource_format_id) REFERENCES resources_resourceformat(id) DEFERRABLE INITIALLY DEFERRED;


--
-- Name: resources_resource_tags resources_resource_t_resource_id_33e5c8e2_fk_resources; Type: FK CONSTRAINT; Schema: public; Owner: resourceslibrescom
--

ALTER TABLE ONLY resources_resource_tags
    ADD CONSTRAINT resources_resource_t_resource_id_33e5c8e2_fk_resources FOREIGN KEY (resource_id) REFERENCES resources_resource(id) DEFERRABLE INITIALLY DEFERRED;


--
-- Name: resources_resource_tags resources_resource_tags_tag_id_7ed3b40d_fk_resources_tag_id; Type: FK CONSTRAINT; Schema: public; Owner: resourceslibrescom
--

ALTER TABLE ONLY resources_resource_tags
    ADD CONSTRAINT resources_resource_tags_tag_id_7ed3b40d_fk_resources_tag_id FOREIGN KEY (tag_id) REFERENCES resources_tag(id) DEFERRABLE INITIALLY DEFERRED;


--
-- PostgreSQL database dump complete
--

